,true_error,time_slot,day_of_week,T,RH,AH,PT08.S1(CO),PT08.S3(NOx),PT08.S4(NO2),PT08.S5(O3),true_label,given_label
0,0,evening,wednesday,13.6,48.9,0.7578,1360.0,1056.0,1692.0,1268.0,0.6855,1.1138
1,0,evening,wednesday,13.3,47.7,0.7255,1292.0,1174.0,1559.0,972.0,0.5119,1.0169
2,0,evening,wednesday,11.9,54.0,0.7502,1402.0,1140.0,1555.0,1074.0,0.4022,0.9998
3,0,evening,wednesday,11.0,60.0,0.7867,1376.0,1092.0,1584.0,1203.0,0.3656,1.0094
4,0,night,wednesday,11.2,59.6,0.7888,1272.0,1205.0,1490.0,1110.0,0.2331,0.8902
5,0,night,wednesday,11.2,59.2,0.7848,1197.0,1337.0,1393.0,949.0,0.1737,0.7986
6,0,night,thursday,11.3,56.8,0.7603,1185.0,1462.0,1333.0,733.0,0.1417,0.7347
7,0,night,thursday,10.7,60.0,0.7702,1136.0,1453.0,1333.0,730.0,0.1417,0.7155
8,0,night,thursday,10.7,59.7,0.7648,1094.0,1579.0,1276.0,620.0,0.1097,0.6485
9,0,night,thursday,10.3,60.2,0.7517,1010.0,1705.0,1235.0,501.0,0.0868,0.5973
10,0,night,thursday,10.1,60.5,0.7465,1011.0,1818.0,1197.0,445.0,0.064,0.5611
11,0,morning,thursday,11.0,56.2,0.7366,1066.0,1918.0,1182.0,422.0,0.0366,0.5452
12,0,morning,thursday,10.5,58.1,0.7353,1052.0,1738.0,1221.0,472.0,0.0731,0.5888
13,0,morning,thursday,10.2,59.6,0.7417,1144.0,1490.0,1339.0,730.0,0.1325,0.7102
14,0,morning,thursday,10.8,57.4,0.7408,1333.0,1136.0,1517.0,1102.0,0.2925,0.9583
15,0,morning,thursday,10.5,60.6,0.7691,1351.0,1079.0,1583.0,1028.0,0.3976,1.0222
16,0,morning,thursday,10.8,58.4,0.7552,1233.0,1218.0,1446.0,860.0,0.3519,0.8806
17,0,morning,thursday,10.5,57.9,0.7352,1179.0,1328.0,1362.0,671.0,0.1965,0.8114
18,0,morning,thursday,9.5,66.8,0.7951,1236.0,1301.0,1401.0,664.0,0.2788,0.8241
19,0,afternoon,thursday,8.3,76.4,0.8393,1286.0,1162.0,1537.0,799.0,0.2879,0.9253
20,0,afternoon,thursday,8.0,81.1,0.8736,1371.0,983.0,1730.0,1037.0,0.7495,1.101
21,0,afternoon,thursday,8.3,79.8,0.8778,1310.0,1082.0,1647.0,946.0,0.361,0.9934
22,0,afternoon,thursday,9.7,71.2,0.8569,1292.0,1103.0,1591.0,957.0,0.4342,0.9711
23,0,afternoon,thursday,9.8,67.6,0.8185,1383.0,1008.0,1719.0,1104.0,0.6855,1.0861
24,0,evening,thursday,10.3,64.2,0.8065,1581.0,799.0,2083.0,1409.0,1.403,1.4045
25,0,evening,thursday,9.7,69.3,0.8319,1776.0,702.0,2333.0,1704.0,2.1068,1.5844
26,0,evening,thursday,9.6,67.8,0.8133,1640.0,743.0,2191.0,1654.0,1.8326,1.495
27,0,evening,thursday,9.1,64.0,0.7419,1313.0,957.0,1707.0,1285.0,0.9003,1.1457
28,0,night,thursday,8.2,63.4,0.6905,965.0,1325.0,1333.0,821.0,0.2788,0.7975
29,0,night,thursday,8.2,60.8,0.6657,913.0,1565.0,1252.0,552.0,0.1188,0.6698
30,0,night,friday,8.3,58.5,0.6438,1080.0,1254.0,1375.0,816.0,0.2514,0.8572
31,0,night,friday,7.7,59.7,0.6308,1044.0,1247.0,1378.0,832.0,0.2422,0.8827
32,0,night,friday,7.1,61.8,0.6276,988.0,1396.0,1304.0,692.0,0.1828,0.7645
33,0,night,friday,7.0,62.3,0.6261,889.0,1680.0,1187.0,512.0,0.096,0.6112
34,0,night,friday,6.1,65.9,0.6248,831.0,1893.0,1134.0,384.0,0.0457,0.5388
35,0,morning,friday,6.3,65.0,0.6233,847.0,1895.0,1155.0,394.0,0.032,0.5335
36,0,morning,friday,6.8,62.9,0.6234,927.0,1685.0,1223.0,487.0,0.0777,0.608
37,0,morning,friday,6.4,65.1,0.6316,1091.0,1387.0,1361.0,748.0,0.1508,0.7773
38,0,morning,friday,7.3,63.1,0.6499,1587.0,897.0,1900.0,1400.0,0.9232,1.3161
39,0,morning,friday,13.2,41.7,0.632,1350.0,912.0,1712.0,1237.0,0.9506,1.1904
40,0,morning,friday,14.3,38.4,0.6243,1263.0,969.0,1598.0,1167.0,0.7586,1.1042
41,0,morning,friday,15.0,36.5,0.6195,1206.0,1035.0,1537.0,959.0,0.521,1.0499
42,0,afternoon,friday,16.1,34.5,0.6262,1252.0,1008.0,1593.0,983.0,0.6398,1.0818
43,0,afternoon,friday,16.3,35.7,0.656,1287.0,949.0,1660.0,1061.0,0.7724,1.1478
44,0,afternoon,friday,15.8,37.0,0.661,1353.0,922.0,1740.0,1139.0,0.8455,1.1947
45,0,afternoon,friday,15.9,37.2,0.6657,1309.0,954.0,1657.0,1112.0,0.7541,1.1425
46,0,afternoon,friday,16.9,34.3,0.6549,1274.0,1006.0,1610.0,994.0,0.6078,1.1084
47,0,evening,friday,15.1,39.6,0.6766,1510.0,812.0,1910.0,1410.0,1.0648,1.3597
48,0,evening,friday,14.4,43.4,0.7084,1525.0,821.0,1847.0,1448.0,1.106,1.3267
49,0,evening,friday,12.9,50.5,0.7478,1843.0,624.0,2390.0,1887.0,2.2302,1.7143
50,0,evening,friday,12.1,53.3,0.7536,1598.0,752.0,1941.0,1627.0,1.5219,1.3832
51,0,night,friday,11.0,59.1,0.774,1484.0,839.0,1723.0,1491.0,0.9826,1.2
52,0,night,friday,9.7,64.6,0.7771,1677.0,741.0,2062.0,1657.0,1.6772,1.4332
53,0,night,saturday,9.5,64.1,0.7597,1280.0,963.0,1544.0,1285.0,0.5576,1.0265
54,0,night,saturday,9.1,63.9,0.7423,1196.0,1071.0,1463.0,1144.0,0.3062,0.9296
55,0,night,saturday,8.8,63.9,0.7256,1184.0,1176.0,1365.0,1043.0,0.1965,0.8327
56,0,night,saturday,7.8,67.5,0.7173,1172.0,1179.0,1380.0,996.0,0.2102,0.8337
57,0,night,saturday,7.0,71.1,0.7158,1147.0,1132.0,1412.0,992.0,0.2559,0.8742
58,0,morning,saturday,8.3,63.6,0.6982,978.0,1420.0,1274.0,819.0,0.1371,0.6655
59,0,morning,saturday,7.2,67.5,0.6887,1100.0,1406.0,1268.0,835.0,0.1234,0.6879
60,0,morning,saturday,6.3,71.9,0.6932,1112.0,1228.0,1409.0,940.0,0.2148,0.8199
61,0,morning,saturday,6.5,71.6,0.6945,1336.0,935.0,1678.0,1192.0,0.6033,1.1106
62,0,morning,saturday,9.6,59.7,0.7124,1408.0,830.0,1777.0,1411.0,1.0923,1.2277
63,0,morning,saturday,12.4,51.2,0.7335,1447.0,869.0,1667.0,1465.0,0.7312,1.151
64,0,morning,saturday,15.6,42.2,0.7451,1542.0,808.0,1780.0,1583.0,1.2933,1.2607
65,0,morning,saturday,18.4,33.8,0.709,1451.0,875.0,1679.0,1387.0,0.9597,1.1894
66,0,afternoon,saturday,19.4,31.3,0.695,1328.0,987.0,1600.0,1101.0,0.7038,1.1276
67,0,afternoon,saturday,18.0,34.8,0.7127,1207.0,1088.0,1488.0,850.0,0.5119,0.9839
68,0,afternoon,saturday,18.4,33.6,0.7042,1240.0,1049.0,1532.0,947.0,0.4936,1.0084
69,0,afternoon,saturday,17.6,35.1,0.7012,1306.0,1004.0,1554.0,1078.0,0.5073,1.0509
70,0,afternoon,saturday,16.7,37.8,0.7117,1326.0,976.0,1602.0,1084.0,0.4433,1.0648
71,0,evening,saturday,16.1,41.0,0.7451,1473.0,831.0,1779.0,1395.0,0.8729,1.2383
72,0,evening,saturday,15.8,42.4,0.7569,1609.0,758.0,1922.0,1612.0,1.1791,1.3693
73,0,evening,saturday,15.7,44.1,0.7786,1611.0,754.0,1915.0,1697.0,1.2979,1.3565
74,0,evening,saturday,15.3,46.8,0.8091,1621.0,762.0,1860.0,1886.0,1.2294,1.3278
75,0,night,saturday,14.6,48.6,0.806,1444.0,844.0,1748.0,1624.0,0.8226,1.1596
76,0,night,saturday,14.7,49.3,0.8193,1418.0,892.0,1603.0,1536.0,0.5301,1.0754
77,0,night,sunday,13.9,53.6,0.8498,1534.0,889.0,1611.0,1535.0,0.425,1.0786
78,0,night,sunday,14.6,51.5,0.8536,1484.0,880.0,1624.0,1530.0,0.5987,1.1127
79,0,night,sunday,12.5,58.9,0.8537,1367.0,953.0,1543.0,1337.0,0.4205,0.9849
80,0,night,sunday,11.6,63.4,0.8674,1344.0,921.0,1620.0,1278.0,0.6033,1.0307
81,0,night,sunday,12.1,61.1,0.8603,1130.0,1130.0,1452.0,1051.0,0.2559,0.8231
82,0,morning,sunday,11.5,63.1,0.8533,1062.0,1272.0,1377.0,929.0,0.1462,0.7358
83,0,morning,sunday,11.6,62.2,0.8473,1076.0,1395.0,1333.0,872.0,0.1325,0.658
84,0,morning,sunday,10.4,67.6,0.853,1028.0,1384.0,1340.0,853.0,0.1234,0.6548
85,0,morning,sunday,11.6,62.7,0.853,1155.0,1225.0,1414.0,959.0,0.1645,0.7688
86,0,morning,sunday,12.4,60.0,0.8627,1235.0,1055.0,1527.0,1093.0,0.2605,0.8816
87,0,morning,sunday,14.5,53.1,0.8728,1332.0,952.0,1614.0,1225.0,0.5895,0.9828
88,0,morning,sunday,16.9,46.1,0.8789,1445.0,878.0,1696.0,1355.0,0.6764,1.0744
89,0,morning,sunday,19.3,38.3,0.8474,1416.0,907.0,1677.0,1262.0,0.6627,1.0669
90,0,afternoon,sunday,21.2,31.4,0.7812,1281.0,1084.0,1525.0,980.0,0.425,0.937
91,0,afternoon,sunday,21.4,30.2,0.7616,1207.0,1104.0,1490.0,872.0,0.3839,0.9359
92,0,afternoon,sunday,21.9,29.0,0.7525,1258.0,1081.0,1511.0,900.0,0.4524,0.9647
93,0,afternoon,sunday,22.2,28.4,0.7516,1458.0,974.0,1646.0,1099.0,0.6855,1.1127
94,0,afternoon,sunday,21.3,30.8,0.7696,1438.0,943.0,1668.0,1206.0,0.7129,1.1191
95,0,evening,sunday,19.7,36.7,0.8307,1478.0,929.0,1671.0,1262.0,0.5576,1.1234
96,0,evening,sunday,18.4,41.7,0.8732,1808.0,753.0,1993.0,1698.0,1.1974,1.397
97,0,evening,sunday,17.6,46.1,0.921,1898.0,681.0,2103.0,1905.0,1.5584,1.4705
98,0,evening,sunday,16.7,49.6,0.932,1560.0,784.0,1818.0,1648.0,0.978,1.2139
99,0,night,sunday,16.3,51.0,0.9341,1324.0,924.0,1587.0,1423.0,0.457,1.0009
100,0,night,sunday,14.7,55.9,0.9314,1349.0,933.0,1617.0,1349.0,0.361,0.9934
101,0,night,monday,14.8,54.7,0.9164,1239.0,985.0,1547.0,1250.0,0.3016,0.9285
102,0,night,monday,14.0,57.0,0.9094,1239.0,1010.0,1543.0,1174.0,0.3336,0.9083
103,0,night,monday,13.4,61.3,0.9361,1224.0,998.0,1566.0,1149.0,0.3016,0.9104
104,0,night,monday,12.6,63.5,0.923,1078.0,1128.0,1487.0,1021.0,0.2011,0.7816
105,0,night,monday,12.3,65.4,0.9351,1078.0,1150.0,1468.0,1013.0,0.2011,0.7571
106,0,morning,monday,11.9,67.4,0.9375,1075.0,1156.0,1464.0,1010.0,0.1782,0.7485
107,0,morning,monday,11.4,70.5,0.9475,1157.0,1030.0,1584.0,1083.0,0.2331,0.8838
108,0,morning,monday,11.3,70.2,0.9401,1314.0,897.0,1710.0,1235.0,0.489,1.0286
109,0,morning,monday,12.4,63.9,0.917,1797.0,652.0,2323.0,1680.0,1.5356,1.545
110,1,morning,monday,14.8,54.3,0.9076,1961.0,537.0,2665.0,2184.0,2.8243,1.8112
111,0,morning,monday,17.4,45.6,0.8993,1771.0,622.0,2262.0,1973.0,2.0017,1.5652
112,0,morning,monday,19.8,38.5,0.8801,1564.0,710.0,2029.0,1798.0,1.5264,1.3842
113,0,morning,monday,22.0,34.1,0.8904,1430.0,831.0,1783.0,1522.0,1.01,1.1926
114,0,afternoon,monday,23.3,32.2,0.9096,1417.0,830.0,1831.0,1404.0,0.946,1.2202
115,0,afternoon,monday,23.9,30.0,0.8757,1400.0,838.0,1829.0,1263.0,0.8729,1.2373
116,0,afternoon,monday,24.4,28.9,0.8736,1317.0,926.0,1707.0,1137.0,0.8455,1.1212
117,0,afternoon,monday,24.4,29.4,0.8848,1318.0,950.0,1675.0,1068.0,0.6444,1.0999
118,0,afternoon,monday,23.8,31.3,0.9137,1445.0,857.0,1824.0,1252.0,0.978,1.2149
119,0,evening,monday,22.5,35.4,0.9547,1917.0,631.0,2447.0,1843.0,2.1525,1.7047
120,1,evening,monday,20.4,42.5,1.0086,2040.0,542.0,2679.0,2122.0,3.1305,1.8676
121,0,evening,monday,18.3,52.6,1.0945,1895.0,565.0,2443.0,1992.0,2.4587,1.6749
122,0,evening,monday,16.7,57.4,1.0786,1595.0,678.0,2058.0,1707.0,1.4579,1.3778
123,0,night,monday,15.7,60.2,1.0654,1439.0,764.0,1856.0,1494.0,1.0237,1.2341
124,0,night,monday,15.3,61.4,1.058,1142.0,1008.0,1547.0,1164.0,0.3062,0.9072
125,0,night,tuesday,14.1,65.7,1.0494,1304.0,852.0,1731.0,1272.0,0.7084,1.085
126,0,night,tuesday,14.8,60.6,1.0148,1074.0,1098.0,1483.0,1040.0,0.2239,0.8348
127,0,night,tuesday,14.8,59.2,0.9879,968.0,1320.0,1386.0,867.0,0.1325,0.6815
128,0,night,tuesday,13.6,62.1,0.9636,929.0,1376.0,1364.0,826.0,0.1143,0.6474
129,0,night,tuesday,12.3,66.2,0.945,941.0,1316.0,1373.0,840.0,0.1143,0.6666
130,0,morning,tuesday,12.8,63.2,0.9283,937.0,1412.0,1348.0,793.0,0.0777,0.6229
131,0,morning,tuesday,11.2,68.5,0.9081,1017.0,1246.0,1418.0,870.0,0.1234,0.7251
132,0,morning,tuesday,11.0,66.5,0.8705,1171.0,1162.0,1467.0,930.0,0.2285,0.8199
133,0,morning,tuesday,11.7,63.7,0.8719,1541.0,770.0,1889.0,1407.0,0.9963,1.2618
134,0,morning,tuesday,13.6,56.3,0.8743,1539.0,698.0,2055.0,1507.0,1.3025,1.3704
135,0,morning,tuesday,17.8,42.9,0.8672,1735.0,628.0,2211.0,1843.0,1.9971,1.5237
136,0,morning,tuesday,21.4,33.3,0.8417,1571.0,730.0,1973.0,1729.0,1.4944,1.381
137,0,morning,tuesday,24.4,27.4,0.8231,1452.0,776.0,1868.0,1583.0,1.2933,1.331
138,0,afternoon,tuesday,25.3,26.1,0.8264,1579.0,724.0,1998.0,1671.0,1.6727,1.447
139,0,afternoon,tuesday,25.8,23.2,0.7589,1466.0,773.0,1897.0,1491.0,1.4533,1.3938
140,0,afternoon,tuesday,27.0,20.2,0.7094,1280.0,893.0,1675.0,1240.0,1.042,1.2096
141,0,afternoon,tuesday,28.2,18.6,0.7014,1407.0,905.0,1759.0,1313.0,0.9186,1.2746
142,0,afternoon,tuesday,28.0,19.1,0.7098,1389.0,898.0,1739.0,1363.0,0.9095,1.249
143,0,evening,tuesday,23.9,25.7,0.7519,1447.0,859.0,1778.0,1296.0,1.0831,1.315
144,0,evening,tuesday,21.3,34.8,0.873,1551.0,800.0,1875.0,1432.0,1.1928,1.3533
145,0,evening,tuesday,20.4,36.7,0.8704,1474.0,854.0,1776.0,1432.0,1.0511,1.249
146,0,evening,tuesday,19.0,41.3,0.9007,1800.0,700.0,2106.0,2034.0,1.595,1.5184
147,0,night,tuesday,17.9,45.9,0.9342,1379.0,818.0,1710.0,1602.0,0.8363,1.1723
148,0,night,tuesday,16.7,48.9,0.9226,1201.0,935.0,1560.0,1362.0,0.4022,1.0041
149,0,night,wednesday,15.5,52.9,0.9271,1205.0,922.0,1547.0,1314.0,0.3885,0.9849
150,0,night,wednesday,15.5,51.9,0.9059,1072.0,1066.0,1442.0,1114.0,0.2148,0.8348
151,0,night,wednesday,14.1,55.6,0.891,998.0,1169.0,1383.0,992.0,0.1554,0.7603
152,0,night,wednesday,13.1,57.9,0.8666,933.0,1292.0,1332.0,884.0,0.1188,0.6655
153,0,night,wednesday,12.7,57.9,0.8447,883.0,1396.0,1303.0,808.0,0.0777,0.6144
154,0,morning,wednesday,11.8,58.0,0.8026,869.0,1460.0,1268.0,667.0,0.0503,0.5899
155,0,morning,wednesday,11.9,57.4,0.7978,891.0,1417.0,1289.0,733.0,0.0823,0.6133
156,0,morning,wednesday,9.9,65.2,0.7956,1173.0,1038.0,1556.0,1052.0,0.3839,0.9349
157,0,morning,wednesday,11.1,60.2,0.7958,1587.0,702.0,1999.0,1534.0,1.1882,1.4204
158,0,morning,wednesday,14.1,50.0,0.802,1852.0,553.0,2535.0,1931.0,2.4405,1.8059
159,0,morning,wednesday,17.7,40.1,0.8048,1522.0,703.0,2026.0,1734.0,1.6818,1.4172
160,0,morning,wednesday,21.1,33.4,0.8265,1438.0,819.0,1782.0,1595.0,0.914,1.2362
161,0,morning,wednesday,24.3,28.3,0.8471,1393.0,905.0,1654.0,1490.0,0.6627,1.1361
162,0,afternoon,wednesday,25.6,25.6,0.8254,1452.0,861.0,1747.0,1508.0,0.8592,1.2266
163,0,afternoon,wednesday,25.9,25.9,0.8503,1389.0,887.0,1712.0,1334.0,0.6947,1.1798
164,0,afternoon,wednesday,26.8,18.7,0.65,1207.0,1013.0,1520.0,1045.0,0.4707,1.0584
165,0,afternoon,wednesday,29.3,15.8,0.6309,1365.0,940.0,1679.0,1221.0,0.882,1.2288
166,0,afternoon,wednesday,28.5,14.9,0.5708,1247.0,1032.0,1525.0,1069.0,0.6124,1.1287
167,0,evening,wednesday,25.9,16.0,0.5237,1557.0,793.0,1981.0,1569.0,1.7641,1.5738
168,0,evening,wednesday,23.1,26.5,0.7403,1973.0,617.0,2414.0,2306.0,2.637,1.8495
169,0,evening,wednesday,20.5,38.2,0.9133,1975.0,597.0,2416.0,2359.0,2.3902,1.775
170,0,evening,wednesday,19.1,42.6,0.9294,1795.0,653.0,2174.0,2050.0,2.1571,1.5812
171,0,night,wednesday,17.2,44.1,0.8558,1444.0,770.0,1727.0,1727.0,0.9414,1.2245
172,0,night,wednesday,16.0,50.9,0.9206,1488.0,731.0,1778.0,1705.0,0.9871,1.2469
173,0,night,thursday,14.8,53.9,0.9024,1371.0,796.0,1669.0,1551.0,0.7267,1.1532
174,0,night,thursday,14.3,55.4,0.8975,1161.0,947.0,1502.0,1240.0,0.3199,0.9626
175,0,night,thursday,14.8,52.1,0.8686,1064.0,1057.0,1407.0,1115.0,0.2011,0.838
176,0,night,thursday,13.9,53.9,0.8501,970.0,1196.0,1351.0,969.0,0.1919,0.7315
177,0,night,thursday,11.6,61.9,0.8442,954.0,1260.0,1334.0,925.0,0.128,0.6868
178,0,morning,thursday,12.0,58.9,0.8233,931.0,1293.0,1307.0,828.0,0.0914,0.6634
179,0,morning,thursday,10.9,62.1,0.8113,938.0,1251.0,1333.0,893.0,0.1188,0.6921
180,0,morning,thursday,10.6,63.3,0.8067,1166.0,1005.0,1551.0,1075.0,0.3565,0.9423
181,0,morning,thursday,11.5,60.0,0.8117,1643.0,667.0,2094.0,1610.0,1.4579,1.4737
182,0,morning,thursday,14.3,50.6,0.8186,1934.0,541.0,2468.0,2051.0,2.3125,1.791
183,0,afternoon,monday,21.3,24.2,0.606,1076.0,964.0,1544.0,813.0,2.0611,1.101
184,0,afternoon,monday,20.2,28.5,0.6682,1152.0,928.0,1606.0,850.0,0.8455,1.1308
185,0,evening,monday,17.0,43.1,0.8264,1407.0,720.0,1932.0,1276.0,1.9469,1.3299
186,1,evening,monday,15.6,47.4,0.8347,1438.0,678.0,1993.0,1401.0,3.0711,1.4108
187,1,evening,monday,15.3,47.4,0.8178,1425.0,678.0,1965.0,1356.0,2.8518,1.4108
188,0,evening,monday,14.5,49.7,0.8177,1279.0,775.0,1758.0,1243.0,1.4853,1.2043
189,0,night,monday,13.9,52.0,0.8231,1132.0,920.0,1561.0,1083.0,0.6535,0.9753
190,0,night,monday,14.5,49.4,0.8106,1006.0,1142.0,1370.0,795.0,0.4067,0.7762
191,0,night,tuesday,13.8,51.4,0.8071,982.0,1204.0,1359.0,735.0,0.3336,0.7454
192,0,night,tuesday,14.0,51.3,0.8163,969.0,1271.0,1309.0,684.0,0.2194,0.6772
193,0,night,tuesday,13.0,56.8,0.8444,941.0,1298.0,1330.0,714.0,0.2148,0.6612
194,0,night,tuesday,11.0,70.0,0.9215,892.0,1522.0,1285.0,456.0,0.1645,0.5558
195,0,night,tuesday,10.1,76.8,0.9483,855.0,1701.0,1261.0,401.0,0.1143,0.509
196,0,morning,tuesday,8.8,80.5,0.9147,834.0,1908.0,1212.0,361.0,0.0868,0.4887
197,0,morning,tuesday,9.6,75.4,0.9004,909.0,1542.0,1287.0,418.0,0.1188,0.6037
198,0,morning,tuesday,9.8,75.0,0.9093,1061.0,1178.0,1429.0,616.0,0.2742,0.7933
199,0,morning,tuesday,10.0,74.2,0.9117,1441.0,851.0,1829.0,1089.0,1.1334,1.1968
200,1,morning,tuesday,11.2,69.7,0.9232,1498.0,684.0,2095.0,1329.0,2.445,1.4108
201,0,morning,tuesday,12.0,62.9,0.8803,1343.0,760.0,1857.0,1311.0,1.5538,1.2618
202,0,morning,tuesday,12.8,55.8,0.821,1308.0,792.0,1794.0,1236.0,1.4853,1.2415
203,0,morning,tuesday,13.1,54.8,0.8234,1209.0,837.0,1746.0,1147.0,1.2202,1.1681
204,0,afternoon,tuesday,13.8,53.4,0.8351,1310.0,770.0,1847.0,1301.0,1.4853,1.2852
205,0,afternoon,tuesday,16.0,42.4,0.7674,1171.0,881.0,1639.0,1097.0,1.2248,1.1329
206,0,afternoon,tuesday,14.1,49.8,0.7971,1112.0,924.0,1589.0,900.0,0.6215,1.0435
207,0,afternoon,tuesday,12.0,61.1,0.8537,1132.0,944.0,1570.0,781.0,0.5393,0.9871
208,0,afternoon,tuesday,13.6,54.6,0.8465,1225.0,818.0,1719.0,1013.0,1.2614,1.183
209,0,evening,tuesday,13.7,49.5,0.7695,1065.0,962.0,1514.0,790.0,0.6901,1.0147
210,0,evening,tuesday,11.7,57.1,0.7822,1236.0,854.0,1688.0,1059.0,1.0786,1.1542
211,0,evening,tuesday,11.5,58.2,0.7867,1309.0,812.0,1722.0,1205.0,1.0054,1.199
212,0,evening,tuesday,12.6,54.2,0.7881,1089.0,1006.0,1487.0,975.0,0.3976,0.9413
213,0,night,tuesday,12.0,54.9,0.7664,1000.0,1141.0,1375.0,896.0,0.3702,0.8263
214,0,night,tuesday,11.0,61.4,0.8057,1041.0,1105.0,1425.0,911.0,0.3382,0.8327
215,0,night,wednesday,11.1,62.2,0.8199,1045.0,1137.0,1411.0,902.0,0.2514,0.805
216,0,night,wednesday,10.8,62.5,0.8082,997.0,1151.0,1405.0,832.0,0.3382,0.7922
217,0,night,wednesday,11.3,60.0,0.8025,948.0,1320.0,1326.0,715.0,0.16,0.6751
218,0,night,wednesday,10.6,61.6,0.7856,878.0,1493.0,1272.0,683.0,0.1325,0.5867
219,0,night,wednesday,10.2,62.7,0.7813,908.0,1477.0,1287.0,721.0,0.1325,0.5952
220,0,morning,wednesday,10.9,58.6,0.7628,892.0,1572.0,1255.0,648.0,0.0914,0.5558
221,0,morning,wednesday,10.8,57.2,0.7382,954.0,1496.0,1255.0,612.0,0.1462,0.5973
222,0,morning,wednesday,10.4,59.2,0.7455,1045.0,1186.0,1403.0,800.0,0.3839,0.7997
223,0,morning,wednesday,11.0,57.3,0.7501,1383.0,832.0,1706.0,1173.0,1.1197,1.1809
224,1,morning,wednesday,11.2,56.9,0.7565,1597.0,652.0,2080.0,1519.0,2.5273,1.4854
225,0,morning,wednesday,12.1,54.9,0.7734,1318.0,762.0,1770.0,1287.0,2.0566,1.1968
226,0,morning,wednesday,15.1,44.3,0.7535,1138.0,950.0,1505.0,966.0,0.5393,0.9562
227,0,morning,wednesday,15.6,40.6,0.7146,1098.0,1012.0,1440.0,828.0,0.5393,0.8966
228,0,afternoon,wednesday,16.9,34.6,0.6597,1118.0,959.0,1477.0,825.0,0.6581,0.9871
229,0,afternoon,wednesday,16.6,35.6,0.6697,1170.0,879.0,1566.0,872.0,0.7267,1.0744
230,0,afternoon,wednesday,11.3,63.9,0.8554,1112.0,1015.0,1494.0,680.0,0.5576,0.8966
231,0,afternoon,wednesday,9.6,81.1,0.972,1390.0,829.0,1730.0,1002.0,1.0511,1.0946
232,0,afternoon,wednesday,11.7,69.1,0.9497,1353.0,774.0,1783.0,1159.0,1.4624,1.167
233,0,evening,wednesday,10.7,68.5,0.8794,1260.0,828.0,1722.0,979.0,1.2019,1.118
234,1,evening,wednesday,10.7,67.3,0.8643,1501.0,681.0,2008.0,1311.0,2.541,1.3864
235,0,evening,wednesday,10.8,65.7,0.8486,1273.0,795.0,1744.0,1071.0,2.0931,1.2032
236,0,evening,wednesday,10.3,66.3,0.8336,1179.0,928.0,1571.0,899.0,0.978,1.0169
237,0,night,wednesday,10.1,66.9,0.8248,1047.0,1064.0,1435.0,766.0,0.4433,0.8614
238,0,night,wednesday,10.4,61.1,0.7717,973.0,1186.0,1354.0,589.0,0.361,0.7869
239,0,night,thursday,10.3,59.9,0.7516,997.0,1168.0,1341.0,631.0,0.3702,0.7847
240,0,night,thursday,11.0,58.4,0.7686,970.0,1400.0,1249.0,479.0,0.2376,0.6612
241,0,night,thursday,9.1,68.1,0.789,902.0,1450.0,1253.0,479.0,0.1737,0.6048
242,0,night,thursday,9.5,68.2,0.8091,921.0,1564.0,1224.0,417.0,0.16,0.5729
243,0,night,thursday,9.3,72.3,0.8496,858.0,1707.0,1212.0,378.0,0.1325,0.5217
244,0,morning,thursday,9.9,66.8,0.8152,878.0,1935.0,1158.0,344.0,0.096,0.4866
245,0,morning,thursday,7.6,83.2,0.8695,893.0,1604.0,1268.0,413.0,0.2102,0.575
246,0,morning,thursday,8.1,79.0,0.8544,1038.0,1260.0,1383.0,605.0,0.2514,0.7422
247,0,morning,thursday,8.7,74.6,0.8429,1320.0,902.0,1721.0,991.0,1.2385,1.1021
248,0,morning,thursday,8.6,75.1,0.8415,1353.0,740.0,1937.0,1175.0,1.9834,1.315
249,0,morning,thursday,9.7,69.7,0.8389,1133.0,969.0,1552.0,923.0,1.371,0.9934
250,0,morning,thursday,11.0,64.4,0.8447,1066.0,1039.0,1468.0,829.0,0.5301,0.904
251,0,morning,thursday,13.6,53.0,0.8209,1027.0,1081.0,1442.0,733.0,0.4342,0.8614
252,0,afternoon,thursday,14.2,48.4,0.778,1106.0,958.0,1570.0,819.0,0.9643,0.9956
253,0,afternoon,thursday,14.2,46.3,0.7438,1038.0,976.0,1492.0,723.0,0.7678,0.9658
254,0,afternoon,thursday,16.0,41.3,0.7462,1084.0,986.0,1501.0,786.0,0.7038,0.9839
255,0,afternoon,thursday,17.7,35.4,0.7094,1105.0,939.0,1545.0,850.0,1.2202,1.0456
256,0,afternoon,thursday,17.1,37.4,0.7225,1102.0,968.0,1527.0,820.0,0.6535,1.019
257,0,evening,thursday,14.9,40.5,0.6835,1240.0,836.0,1748.0,991.0,1.7092,1.2107
258,1,evening,thursday,13.4,47.8,0.7293,1443.0,666.0,2060.0,1454.0,3.6424,1.5099
259,1,evening,thursday,12.6,52.5,0.7642,1389.0,692.0,1982.0,1488.0,3.19,1.4279
260,0,evening,thursday,12.2,53.2,0.7555,1183.0,904.0,1539.0,1205.0,1.0694,1.0531
261,0,night,thursday,10.6,56.1,0.714,1014.0,1083.0,1376.0,909.0,0.4753,0.8497
262,0,night,thursday,9.9,59.5,0.7276,979.0,1154.0,1324.0,769.0,0.3062,0.7837
263,0,night,friday,9.6,61.1,0.7323,1048.0,1098.0,1373.0,835.0,0.4022,0.838
264,0,night,friday,9.7,61.6,0.7425,1024.0,1131.0,1357.0,793.0,0.361,0.8018
265,0,night,friday,9.4,62.6,0.7398,974.0,1208.0,1313.0,733.0,0.2788,0.7347
266,0,night,friday,8.2,68.5,0.7455,862.0,1449.0,1219.0,502.0,0.1965,0.5973
267,0,night,friday,8.0,69.4,0.7459,925.0,1398.0,1263.0,562.0,0.1828,0.641
268,0,morning,friday,7.7,72.4,0.7655,952.0,1210.0,1312.0,832.0,0.2376,0.6964
269,0,morning,friday,8.0,71.8,0.7711,1005.0,1130.0,1363.0,924.0,0.2925,0.7592
270,0,morning,friday,8.5,66.3,0.7375,1122.0,1015.0,1438.0,974.0,0.4022,0.8966
271,0,morning,friday,9.8,59.6,0.7214,1351.0,783.0,1828.0,1307.0,1.7138,1.2788
272,1,morning,friday,11.2,57.0,0.7544,1408.0,682.0,1928.0,1481.0,2.7055,1.3608
273,0,morning,friday,14.8,44.1,0.7407,1304.0,772.0,1747.0,1405.0,1.6315,1.216
274,0,morning,friday,16.8,35.3,0.6729,1207.0,826.0,1664.0,1195.0,1.3528,1.1691
275,0,morning,friday,19.2,27.1,0.5976,1099.0,948.0,1503.0,868.0,0.8272,1.0797
276,0,afternoon,friday,19.1,26.2,0.5741,1106.0,915.0,1535.0,874.0,0.9643,1.1372
277,0,afternoon,friday,16.3,30.8,0.5683,1009.0,1015.0,1391.0,738.0,0.9095,0.9753
278,0,afternoon,friday,14.2,36.8,0.5922,962.0,1152.0,1279.0,550.0,0.3702,0.8263
279,0,afternoon,friday,13.4,41.0,0.6292,1093.0,976.0,1454.0,777.0,0.6535,0.9934
280,0,afternoon,friday,14.2,43.3,0.6982,1180.0,886.0,1588.0,966.0,1.1288,1.0893
281,0,evening,friday,12.1,45.6,0.6403,1168.0,868.0,1580.0,990.0,1.0923,1.1042
282,0,evening,friday,10.4,48.0,0.6046,1168.0,876.0,1540.0,944.0,1.2202,1.1319
283,0,evening,friday,10.0,51.1,0.628,1140.0,916.0,1490.0,962.0,1.1928,1.0648
284,0,evening,friday,9.8,50.8,0.6172,1001.0,1097.0,1308.0,778.0,0.4433,0.8635
285,0,night,friday,9.7,50.4,0.6063,953.0,1185.0,1252.0,690.0,0.3016,0.7911
286,0,night,friday,9.9,50.2,0.6103,972.0,1237.0,1258.0,644.0,0.2742,0.7613
287,0,night,saturday,9.4,53.4,0.63,1021.0,1144.0,1307.0,753.0,0.3519,0.8263
288,0,night,saturday,8.6,57.8,0.6488,940.0,1290.0,1232.0,646.0,0.2605,0.707
289,0,night,saturday,8.1,62.1,0.6746,1046.0,1142.0,1312.0,838.0,0.2971,0.7837
290,0,night,saturday,7.9,63.5,0.6777,1026.0,1191.0,1292.0,851.0,0.2696,0.7443
291,0,night,saturday,7.4,64.8,0.6683,983.0,1209.0,1296.0,801.0,0.2194,0.7432
292,0,morning,saturday,8.2,58.9,0.6444,915.0,1417.0,1212.0,665.0,0.1234,0.6154
293,0,morning,saturday,6.3,66.6,0.641,935.0,1373.0,1250.0,717.0,0.1143,0.6548
294,0,morning,saturday,7.2,62.9,0.6396,976.0,1270.0,1266.0,795.0,0.1919,0.7123
295,0,morning,saturday,7.2,63.9,0.65,1124.0,1050.0,1418.0,936.0,0.3565,0.8966
296,0,morning,saturday,11.1,50.5,0.6654,1163.0,922.0,1530.0,1076.0,0.585,0.9785
297,0,morning,saturday,15.5,36.1,0.6313,1167.0,942.0,1520.0,1016.0,0.8409,1.0286
298,0,morning,saturday,17.8,29.2,0.592,1121.0,992.0,1451.0,834.0,0.7129,1.0169
299,0,morning,saturday,17.6,30.1,0.6013,1071.0,994.0,1449.0,756.0,0.8043,1.0009
300,0,afternoon,saturday,19.1,26.8,0.5861,1065.0,950.0,1467.0,766.0,1.0603,1.0424
301,0,afternoon,saturday,17.7,28.6,0.5735,1157.0,888.0,1596.0,905.0,1.3939,1.1415
302,0,afternoon,saturday,17.8,28.4,0.5737,1046.0,1051.0,1357.0,765.0,0.6855,0.9402
303,0,afternoon,saturday,18.7,26.0,0.5555,1147.0,934.0,1538.0,830.0,0.8592,1.1095
304,0,afternoon,saturday,17.1,31.3,0.6038,1119.0,916.0,1508.0,853.0,1.01,1.0882
305,0,evening,saturday,15.8,36.1,0.644,1210.0,886.0,1586.0,981.0,1.0009,1.1308
306,0,evening,saturday,14.7,40.1,0.6657,1306.0,827.0,1621.0,1286.0,1.3985,1.1489
307,0,evening,saturday,13.6,44.9,0.6991,1258.0,841.0,1633.0,1244.0,1.2339,1.1255
308,0,evening,saturday,12.5,48.1,0.6946,1148.0,948.0,1475.0,1056.0,1.0557,0.9903
309,0,night,saturday,11.8,50.8,0.7042,1108.0,1023.0,1421.0,1003.0,0.5713,0.9029
310,0,night,saturday,10.9,56.1,0.7326,1231.0,906.0,1483.0,1245.0,0.5576,0.9839
311,0,night,sunday,10.9,55.9,0.7277,1293.0,930.0,1464.0,1200.0,0.7358,0.9977
312,0,night,sunday,10.3,58.1,0.7278,1274.0,939.0,1451.0,1188.0,0.4616,0.9711
313,0,night,sunday,9.3,62.2,0.7294,1135.0,1013.0,1395.0,1070.0,0.4342,0.8806
314,0,night,sunday,8.2,66.7,0.7276,1151.0,935.0,1501.0,1075.0,0.5895,0.97
315,0,night,sunday,8.3,64.9,0.7124,1010.0,1110.0,1396.0,895.0,0.4387,0.8188
316,0,morning,sunday,9.6,58.5,0.7,870.0,1325.0,1284.0,755.0,0.2468,0.6666
317,0,morning,sunday,7.7,66.4,0.699,983.0,1251.0,1342.0,806.0,0.2879,0.7326
318,0,morning,sunday,7.4,68.0,0.7043,995.0,1219.0,1321.0,836.0,0.329,0.7358
319,0,morning,sunday,9.7,58.6,0.7035,1024.0,1136.0,1382.0,897.0,0.4159,0.7954
320,0,morning,sunday,12.5,50.1,0.7242,1163.0,959.0,1486.0,1073.0,0.5804,0.937
321,0,morning,sunday,16.8,36.9,0.7018,1218.0,918.0,1501.0,1088.0,0.882,0.9988
322,0,morning,sunday,19.2,31.3,0.6887,1210.0,933.0,1514.0,1036.0,0.8592,1.0201
323,0,morning,sunday,21.3,26.4,0.6607,1114.0,1020.0,1438.0,768.0,0.6901,0.9445
324,0,afternoon,sunday,21.2,23.1,0.5768,995.0,1159.0,1287.0,587.0,0.4707,0.8476
325,0,afternoon,sunday,18.6,25.0,0.5319,927.0,1285.0,1189.0,452.0,0.2514,0.7454
326,0,afternoon,sunday,18.0,27.3,0.5594,1002.0,1189.0,1260.0,470.0,0.4753,0.8029
327,0,afternoon,sunday,18.2,28.3,0.5848,987.0,1213.0,1244.0,502.0,0.5301,0.7741
328,0,afternoon,sunday,17.0,31.4,0.6048,993.0,1217.0,1238.0,516.0,0.425,0.7603
329,0,evening,sunday,15.6,35.0,0.617,1012.0,1174.0,1301.0,555.0,0.425,0.7943
330,0,evening,sunday,14.1,40.2,0.6438,1114.0,1068.0,1357.0,671.0,0.7084,0.8763
331,0,evening,sunday,13.4,43.2,0.6623,1093.0,1102.0,1329.0,788.0,0.5256,0.8401
332,0,evening,sunday,12.3,46.8,0.6686,968.0,1261.0,1246.0,538.0,0.3428,0.7123
333,0,night,sunday,11.9,46.5,0.6449,960.0,1266.0,1224.0,544.0,0.2971,0.7091
334,0,night,sunday,11.5,46.6,0.6319,942.0,1300.0,1204.0,500.0,0.2605,0.69
335,0,night,monday,10.6,48.0,0.6135,888.0,1396.0,1156.0,417.0,0.1828,0.6367
336,0,night,monday,10.7,45.8,0.5895,818.0,1588.0,1071.0,341.0,0.1234,0.5579
337,0,night,monday,10.4,46.6,0.5901,840.0,1643.0,1076.0,352.0,0.1051,0.542
338,0,night,monday,10.1,47.8,0.5913,894.0,1557.0,1095.0,397.0,0.128,0.5579
339,0,night,monday,11.3,46.9,0.628,864.0,1496.0,1153.0,502.0,0.096,0.5494
340,0,morning,monday,10.1,51.2,0.6341,898.0,1441.0,1180.0,648.0,0.1508,0.5952
341,0,morning,monday,9.9,50.7,0.6167,946.0,1309.0,1232.0,760.0,0.1828,0.6847
342,0,morning,monday,8.1,56.8,0.615,1309.0,844.0,1687.0,1183.0,1.2751,1.1979
343,1,morning,monday,10.9,44.1,0.5748,1326.0,714.0,1806.0,1431.0,3.3956,1.3725
344,0,morning,monday,11.8,37.6,0.5184,966.0,1111.0,1258.0,705.0,0.6718,0.8369
345,0,morning,monday,13.9,33.2,0.5222,975.0,1133.0,1254.0,637.0,0.4433,0.8444
346,0,morning,monday,15.6,30.1,0.5285,988.0,1105.0,1293.0,658.0,0.5393,0.855
347,0,morning,monday,16.5,29.0,0.5406,971.0,1129.0,1272.0,546.0,0.4159,0.8369
348,0,afternoon,monday,17.5,27.9,0.5517,1010.0,1070.0,1332.0,561.0,0.6672,0.887
349,0,afternoon,monday,17.9,26.8,0.5446,984.0,1131.0,1268.0,532.0,0.6352,0.8412
350,0,afternoon,monday,18.2,26.1,0.5387,962.0,1131.0,1247.0,535.0,0.7084,0.8263
351,0,afternoon,monday,18.0,27.1,0.5522,1012.0,1098.0,1289.0,525.0,0.585,0.8529
352,0,afternoon,monday,17.0,28.9,0.5558,1058.0,996.0,1358.0,603.0,0.7586,0.9541
353,0,evening,monday,16.1,31.3,0.568,1173.0,905.0,1477.0,802.0,1.3665,1.0488
354,0,evening,monday,14.5,35.4,0.5839,1127.0,957.0,1404.0,796.0,0.7449,0.9658
355,0,evening,monday,13.2,37.9,0.5733,1020.0,1066.0,1302.0,689.0,0.7038,0.8486
356,0,evening,monday,13.1,34.4,0.517,949.0,1221.0,1178.0,553.0,0.3656,0.7454
357,0,night,monday,13.5,28.5,0.4405,930.0,1278.0,1137.0,509.0,0.2651,0.756
358,0,night,monday,12.4,31.9,0.4583,900.0,1339.0,1089.0,455.0,0.2514,0.6847
359,0,night,tuesday,13.1,26.8,0.4023,899.0,1418.0,1050.0,425.0,0.1508,0.6708
360,0,night,tuesday,11.6,33.6,0.4595,866.0,1468.0,1055.0,436.0,0.1508,0.6059
361,0,night,tuesday,10.5,42.9,0.5442,900.0,1402.0,1130.0,618.0,0.1462,0.5995
362,0,night,tuesday,11.7,38.7,0.5298,949.0,1457.0,1104.0,747.0,0.1143,0.575
363,0,night,tuesday,12.2,37.2,0.5277,897.0,1462.0,1101.0,693.0,0.1325,0.5633
364,0,morning,tuesday,12.9,33.9,0.5037,956.0,1341.0,1117.0,691.0,0.1188,0.6442
365,0,morning,tuesday,11.3,40.3,0.5376,1054.0,1080.0,1266.0,1013.0,0.393,0.8295
366,0,morning,tuesday,11.9,38.4,0.5341,1343.0,839.0,1587.0,1311.0,1.3436,1.167
367,1,morning,tuesday,13.3,35.6,0.5416,1584.0,642.0,1947.0,1675.0,3.0346,1.4896
368,1,morning,tuesday,16.3,28.8,0.5305,1556.0,674.0,1852.0,1689.0,3.1762,1.4236
369,1,morning,tuesday,17.9,28.2,0.5741,1565.0,695.0,1872.0,1688.0,3.3591,1.4098
370,1,morning,tuesday,18.3,26.6,0.5529,1429.0,734.0,1754.0,1548.0,2.966,1.3321
371,1,morning,tuesday,20.8,22.5,0.5463,1419.0,742.0,1763.0,1490.0,2.6781,1.3491
372,1,afternoon,tuesday,22.4,20.0,0.5352,1373.0,791.0,1711.0,1354.0,2.4953,1.2916
373,0,afternoon,tuesday,20.9,21.7,0.5295,1185.0,942.0,1448.0,1014.0,1.1197,1.0563
374,0,afternoon,tuesday,19.1,26.5,0.579,1122.0,991.0,1372.0,831.0,0.8135,0.9551
375,0,afternoon,tuesday,18.1,30.6,0.6295,1085.0,1060.0,1325.0,699.0,0.5941,0.8731
376,0,afternoon,tuesday,17.3,34.7,0.6788,1249.0,874.0,1527.0,926.0,0.6901,1.0307
377,0,evening,tuesday,15.8,40.4,0.7228,1236.0,853.0,1532.0,928.0,1.2431,1.0243
378,0,evening,tuesday,15.9,42.0,0.7541,1334.0,815.0,1638.0,1038.0,1.3756,1.1148
379,0,evening,tuesday,15.9,43.5,0.779,1264.0,884.0,1534.0,1035.0,1.0831,0.9881
380,0,evening,tuesday,15.0,46.1,0.7833,1073.0,1072.0,1360.0,789.0,0.4342,0.7943
381,0,night,tuesday,15.1,44.6,0.7574,1053.0,1147.0,1323.0,692.0,0.3108,0.7464
382,0,night,tuesday,14.9,43.5,0.7302,1098.0,1094.0,1360.0,764.0,0.4616,0.7954
383,0,night,wednesday,14.8,41.0,0.685,1029.0,1180.0,1287.0,639.0,0.3702,0.7475
384,0,night,wednesday,14.8,40.8,0.6814,973.0,1287.0,1240.0,541.0,0.2285,0.6719
385,0,night,wednesday,14.8,40.8,0.6834,972.0,1222.0,1256.0,678.0,0.3016,0.6804
386,0,night,wednesday,14.2,36.1,0.5823,832.0,1613.0,1066.0,381.0,0.1005,0.5281
387,0,night,wednesday,14.5,36.1,0.5928,851.0,1699.0,1064.0,343.0,0.0823,0.5079
388,0,morning,wednesday,14.6,36.0,0.5947,909.0,1473.0,1131.0,436.0,0.1417,0.5803
389,0,morning,wednesday,14.4,38.5,0.6291,1038.0,1220.0,1279.0,688.0,0.2605,0.7283
390,0,morning,wednesday,13.8,58.2,0.9129,1636.0,721.0,1926.0,1438.0,1.563,1.2437
391,1,morning,wednesday,13.2,61.1,0.9256,1580.0,639.0,1957.0,1489.0,2.9432,1.3789
392,0,morning,wednesday,10.4,74.4,0.9384,1262.0,872.0,1576.0,1093.0,0.9871,0.9839
393,0,morning,wednesday,11.5,71.0,0.9582,1197.0,957.0,1498.0,965.0,0.5347,0.8912
394,0,morning,wednesday,12.2,70.0,0.9924,1277.0,902.0,1579.0,1004.0,0.7129,0.9434
395,0,morning,wednesday,12.3,73.3,1.0442,1430.0,779.0,1772.0,1166.0,1.5173,1.0914
396,0,afternoon,wednesday,11.3,78.1,1.0411,1242.0,846.0,1638.0,991.0,1.0603,1.0052
397,0,afternoon,wednesday,13.6,69.2,1.0746,1349.0,804.0,1748.0,1054.0,1.3482,1.0893
398,0,afternoon,wednesday,14.9,59.3,0.9974,1390.0,755.0,1799.0,1192.0,1.7641,1.1713
399,0,afternoon,wednesday,15.7,50.9,0.8997,1224.0,850.0,1637.0,1055.0,1.2705,1.0435
400,0,afternoon,wednesday,15.2,52.9,0.9087,1253.0,810.0,1681.0,1048.0,1.2019,1.0925
401,0,evening,wednesday,15.5,50.8,0.8881,1312.0,821.0,1712.0,1073.0,1.4716,1.1084
402,0,evening,wednesday,14.3,52.9,0.8581,1254.0,819.0,1669.0,1068.0,1.0329,1.0999
403,0,evening,wednesday,13.2,56.0,0.8446,1198.0,882.0,1588.0,1019.0,1.01,1.0147
404,0,evening,wednesday,12.6,57.0,0.8315,1060.0,1044.0,1418.0,833.0,0.4981,0.838
405,0,night,wednesday,12.3,57.8,0.8224,1050.0,1078.0,1409.0,759.0,0.4799,0.8188
406,0,night,wednesday,12.0,58.4,0.8164,1029.0,1098.0,1395.0,749.0,0.3839,0.8029
407,0,night,thursday,12.0,61.6,0.8593,1143.0,986.0,1477.0,978.0,0.4844,0.8785
408,0,night,thursday,11.5,63.9,0.8652,1044.0,1031.0,1425.0,944.0,0.457,0.8199
409,0,night,thursday,10.7,67.2,0.863,1034.0,1085.0,1405.0,891.0,0.3245,0.7624
410,0,night,thursday,9.0,73.1,0.8394,956.0,1099.0,1422.0,849.0,0.329,0.7592
411,0,night,thursday,10.2,66.6,0.8299,909.0,1237.0,1322.0,790.0,0.2011,0.6548
412,0,morning,thursday,11.0,63.7,0.8325,996.0,1176.0,1340.0,852.0,0.2057,0.69
413,0,morning,thursday,9.6,68.8,0.8243,1154.0,1002.0,1561.0,987.0,0.6124,0.9328
414,0,morning,thursday,9.5,69.6,0.8273,1510.0,675.0,1949.0,1435.0,2.3079,1.3746
415,1,morning,thursday,11.9,60.9,0.8455,1722.0,539.0,2439.0,1798.0,4.7621,1.6983
416,1,morning,thursday,16.2,48.6,0.8892,1512.0,631.0,2001.0,1677.0,3.3682,1.4087
417,0,morning,thursday,19.2,39.6,0.8693,1258.0,800.0,1701.0,1282.0,1.7138,1.1074
418,0,morning,thursday,19.7,38.4,0.8743,1094.0,970.0,1489.0,871.0,0.5667,0.9051
419,0,morning,thursday,20.6,36.7,0.8797,1129.0,974.0,1524.0,759.0,0.6261,0.9317
420,0,afternoon,thursday,21.8,33.9,0.8771,1125.0,937.0,1542.0,790.0,0.8181,0.9839
421,0,afternoon,thursday,23.6,27.5,0.7913,1308.0,793.0,1193.0,1187.0,1.7732,1.2703
422,1,evening,thursday,22.8,32.1,0.8814,1529.0,700.0,2028.0,1399.0,2.6918,1.4172
423,1,evening,thursday,20.8,36.7,0.8878,1592.0,624.0,2089.0,1644.0,3.8389,1.5216
424,1,evening,thursday,18.3,40.9,0.8493,1536.0,666.0,1922.0,1599.0,2.9934,1.3864
425,0,evening,thursday,16.8,44.0,0.8341,1192.0,827.0,1604.0,1223.0,1.1608,1.0722
426,0,night,thursday,15.8,48.0,0.8569,1186.0,844.0,1570.0,1200.0,0.8592,1.0392
427,0,night,thursday,14.9,52.0,0.8757,1203.0,898.0,1529.0,1118.0,0.5484,0.9796
428,0,night,friday,14.1,54.4,0.8701,1139.0,921.0,1514.0,1067.0,0.7175,0.9572
429,0,night,friday,13.3,58.8,0.8922,1072.0,986.0,1442.0,1048.0,0.4022,0.8465
430,0,night,friday,13.3,60.9,0.9229,954.0,1180.0,1350.0,718.0,0.3108,0.7102
431,0,night,friday,11.8,64.3,0.8869,951.0,1137.0,1381.0,797.0,0.2605,0.7166
432,0,night,friday,11.2,65.9,0.8775,926.0,1195.0,1342.0,749.0,0.1645,0.6793
433,0,morning,friday,11.3,72.9,0.9738,968.0,1197.0,1372.0,737.0,0.2331,0.6687
434,0,morning,friday,11.4,71.8,0.9671,1067.0,1055.0,1448.0,903.0,0.425,0.7741
435,0,morning,friday,11.9,73.7,1.0254,1386.0,798.0,1833.0,1159.0,1.2979,1.1532
436,0,morning,friday,12.6,70.2,1.0221,1474.0,634.0,2060.0,1365.0,2.2211,1.3906
437,1,morning,friday,13.6,65.3,1.0136,1569.0,634.0,2054.0,1510.0,3.647,1.4013
438,1,morning,friday,16.9,52.3,1.0013,1375.0,706.0,1898.0,1386.0,2.3948,1.2533
439,0,morning,friday,19.4,44.1,0.9855,1328.0,738.0,1821.0,1368.0,2.1388,1.1958
440,0,morning,friday,22.9,33.8,0.9322,1341.0,748.0,1825.0,1347.0,2.0748,1.2522
441,0,afternoon,friday,23.6,31.3,0.9001,1297.0,765.0,1773.0,1242.0,2.1068,1.2596
442,0,afternoon,friday,24.7,30.5,0.9371,1303.0,790.0,1761.0,1138.0,1.7869,1.2128
443,0,afternoon,friday,26.1,27.3,0.9101,1281.0,809.0,1703.0,1080.0,1.5401,1.1883
444,0,afternoon,friday,27.6,22.8,0.8288,1248.0,872.0,1632.0,1002.0,1.3573,1.1745
445,1,afternoon,friday,26.9,22.3,0.7792,1382.0,778.0,1799.0,1212.0,2.6872,1.3714
446,1,evening,friday,24.3,30.1,0.9012,1491.0,685.0,1915.0,1486.0,3.2951,1.4747
447,1,evening,friday,21.2,40.1,0.9978,1620.0,641.0,2052.0,1567.0,3.2448,1.4982
448,1,evening,friday,19.4,42.5,0.9483,1693.0,618.0,2083.0,1723.0,3.5967,1.5322
449,0,evening,friday,18.5,43.0,0.9074,1374.0,771.0,1685.0,1399.0,1.8966,1.1936
450,0,night,friday,17.8,47.0,0.9467,1287.0,841.0,1582.0,1291.0,1.1197,1.0456
451,0,night,friday,16.8,53.2,1.01,1408.0,761.0,1684.0,1443.0,1.3436,1.1202
452,0,night,saturday,17.1,51.8,0.999,1254.0,828.0,1566.0,1270.0,0.6352,1.002
453,0,night,saturday,16.2,54.2,0.9933,1141.0,936.0,1488.0,1110.0,0.4479,0.8806
454,0,night,saturday,15.1,58.2,0.9886,1141.0,986.0,1455.0,1060.0,0.4022,0.8273
455,0,night,saturday,15.1,57.6,0.9796,1042.0,1056.0,1410.0,965.0,0.3016,0.7422
456,0,night,saturday,14.5,58.0,0.9488,986.0,1145.0,1380.0,891.0,0.2605,0.6932
457,0,morning,saturday,13.7,61.6,0.9631,1005.0,1103.0,1387.0,905.0,0.2605,0.7166
458,0,morning,saturday,13.9,59.6,0.9408,1041.0,1112.0,1398.0,899.0,0.2742,0.7273
459,0,morning,saturday,13.3,61.7,0.9399,1272.0,846.0,1660.0,1136.0,0.914,1.0211
460,0,morning,saturday,15.1,55.8,0.9486,1436.0,704.0,1872.0,1391.0,2.0611,1.2288
461,0,morning,saturday,17.0,50.5,0.9684,1472.0,720.0,1816.0,1460.0,1.9286,1.199
462,0,morning,monday,15.6,57.4,1.0075,1461.0,703.0,1836.0,1451.0,1.9377,1.2
463,0,morning,monday,16.6,55.2,1.0382,1430.0,713.0,1853.0,1409.0,1.5493,1.1787
464,0,morning,monday,17.0,54.3,1.0434,1498.0,684.0,1942.0,1434.0,2.0337,1.2469
465,1,afternoon,monday,18.0,51.5,1.0552,1454.0,682.0,1915.0,1457.0,2.445,1.2373
466,0,afternoon,monday,19.5,47.5,1.0653,1402.0,733.0,1793.0,1325.0,1.2705,1.1383
467,0,afternoon,monday,21.6,41.7,1.0606,1327.0,803.0,1705.0,1120.0,1.17,1.0339
468,0,afternoon,monday,22.2,38.3,1.0106,1273.0,832.0,1662.0,931.0,1.1197,1.0254
469,0,afternoon,monday,20.3,42.8,1.0053,1457.0,678.0,1877.0,1212.0,2.0931,1.2671
470,1,evening,monday,19.7,45.4,1.0312,1543.0,631.0,2011.0,1353.0,3.2448,1.3736
471,1,evening,monday,18.8,47.5,1.0199,1499.0,651.0,1957.0,1359.0,3.0986,1.3193
472,0,evening,monday,17.9,49.4,1.0064,1378.0,742.0,1796.0,1273.0,1.9926,1.1734
473,0,evening,monday,17.5,50.9,1.009,1243.0,852.0,1622.0,1079.0,0.8135,0.9881
474,0,night,monday,17.4,51.8,1.023,1196.0,884.0,1589.0,973.0,0.7312,0.9423
475,0,night,monday,17.0,53.9,1.0363,1137.0,890.0,1554.0,951.0,0.8089,0.9253
476,0,night,tuesday,16.6,55.4,1.0408,1015.0,1065.0,1428.0,714.0,0.4616,0.7645
477,0,night,tuesday,15.9,57.0,1.0224,978.0,1188.0,1382.0,579.0,0.3016,0.6761
478,0,night,tuesday,15.0,59.2,1.0059,933.0,1357.0,1336.0,542.0,0.1828,0.5824
479,0,night,tuesday,14.5,61.4,1.0041,927.0,1267.0,1370.0,562.0,0.2468,0.6165
480,0,night,tuesday,14.1,61.6,0.9883,908.0,1303.0,1360.0,526.0,0.1782,0.6059
481,0,morning,tuesday,14.6,58.8,0.9711,980.0,1141.0,1435.0,659.0,0.2833,0.7209
482,0,morning,tuesday,14.4,58.9,0.9594,1236.0,880.0,1641.0,1012.0,0.5484,0.9796
483,1,morning,tuesday,15.3,55.2,0.9538,1664.0,594.0,2198.0,1564.0,2.7375,1.4982
484,1,morning,tuesday,16.2,52.5,0.9576,1757.0,494.0,2560.0,1806.0,4.954,1.742
485,1,morning,tuesday,18.4,46.3,0.9734,1524.0,588.0,2096.0,1604.0,3.5464,1.4375
486,0,morning,tuesday,19.6,41.8,0.9407,1329.0,707.0,1823.0,1288.0,2.148,1.1915
487,0,morning,tuesday,20.2,40.1,0.937,1167.0,881.0,1580.0,931.0,0.7724,0.9413
488,0,morning,tuesday,20.9,36.6,0.8939,1369.0,715.0,1818.0,1162.0,1.3893,1.2053
489,0,afternoon,tuesday,20.4,34.7,0.8229,1284.0,755.0,1704.0,1064.0,1.8509,1.1745
490,0,afternoon,tuesday,19.3,35.4,0.7813,1221.0,811.0,1630.0,913.0,1.3573,1.0989
491,0,afternoon,tuesday,18.6,36.9,0.7829,1096.0,872.0,1519.0,684.0,1.0054,1.0084
492,0,afternoon,tuesday,18.8,36.8,0.7883,1143.0,849.0,1590.0,710.0,1.0329,1.052
493,0,afternoon,tuesday,17.5,40.6,0.8068,1251.0,760.0,1716.0,923.0,2.084,1.1883
494,0,evening,tuesday,16.8,44.3,0.8428,1268.0,728.0,1776.0,1006.0,2.148,1.2224
495,1,evening,tuesday,16.3,47.7,0.8746,1314.0,726.0,1784.0,1083.0,2.2988,1.2245
496,0,evening,tuesday,15.6,50.7,0.8947,1315.0,724.0,1807.0,1161.0,2.0977,1.216
497,0,evening,tuesday,15.7,49.4,0.8768,1095.0,896.0,1527.0,800.0,1.0374,0.9775
498,0,night,tuesday,15.8,48.6,0.8653,1027.0,996.0,1458.0,647.0,0.6947,0.8603
499,0,night,tuesday,15.7,47.0,0.8325,1012.0,1053.0,1393.0,649.0,0.4296,0.8007
500,0,night,wednesday,15.7,45.9,0.8121,948.0,1127.0,1352.0,575.0,0.425,0.756
501,0,night,wednesday,15.6,44.9,0.792,889.0,1308.0,1271.0,455.0,0.2239,0.6421
502,0,night,wednesday,15.6,44.4,0.7827,830.0,1475.0,1214.0,392.0,0.1371,0.5729
503,0,night,wednesday,16.1,42.4,0.7718,801.0,1749.0,1154.0,340.0,0.1371,0.4941
504,0,night,wednesday,15.7,45.4,0.8063,804.0,1826.0,1166.0,320.0,0.1371,0.4983
505,0,morning,wednesday,15.3,50.1,0.8617,824.0,1705.0,1200.0,331.0,0.1462,0.509
506,0,morning,wednesday,14.2,58.6,0.9443,1000.0,1257.0,1398.0,426.0,0.2696,0.7326
507,0,morning,wednesday,14.3,58.2,0.9431,1307.0,777.0,1769.0,830.0,1.2659,1.1521
508,0,morning,wednesday,15.0,52.0,0.8817,1286.0,716.0,1821.0,1006.0,2.0748,1.2469
509,0,morning,wednesday,13.6,61.4,0.9519,1150.0,865.0,1576.0,820.0,0.9643,0.9849
510,0,morning,wednesday,16.1,53.1,0.9675,1087.0,911.0,1554.0,737.0,0.8957,0.9328
511,0,morning,wednesday,16.6,44.3,0.8294,1016.0,991.0,1448.0,790.0,0.5027,0.8934
512,0,morning,wednesday,17.4,40.3,0.7922,1029.0,937.0,1474.0,760.0,0.7495,0.9498
513,0,afternoon,wednesday,18.1,42.2,0.8679,1109.0,883.0,1604.0,767.0,0.6901,1.0041
514,0,afternoon,wednesday,14.4,51.8,0.8433,997.0,1030.0,1426.0,626.0,0.5119,0.8699
515,0,afternoon,wednesday,10.9,76.4,0.9953,1177.0,927.0,1552.0,776.0,0.5347,0.937
516,0,afternoon,wednesday,16.4,47.7,0.8819,1045.0,1038.0,1421.0,589.0,0.5484,0.8603
517,0,afternoon,wednesday,18.0,37.1,0.7598,1171.0,847.0,1623.0,872.0,1.1471,1.1425
518,0,evening,wednesday,14.7,48.7,0.8089,1221.0,799.0,1700.0,996.0,1.988,1.1723
519,0,evening,wednesday,11.3,71.3,0.9514,1262.0,774.0,1748.0,1033.0,1.5767,1.2064
520,0,evening,wednesday,10.0,74.0,0.9087,1207.0,876.0,1632.0,982.0,1.5676,1.0786
521,0,evening,wednesday,9.8,71.8,0.8702,956.0,1235.0,1282.0,518.0,0.2833,0.7091
522,0,night,wednesday,9.3,75.2,0.8796,1020.0,1153.0,1391.0,631.0,0.3199,0.7741
523,0,night,wednesday,9.6,76.0,0.9088,1107.0,957.0,1510.0,879.0,0.521,0.9168
524,0,night,thursday,9.3,75.0,0.8799,1020.0,1074.0,1398.0,839.0,0.4022,0.8007
525,0,night,thursday,9.0,76.7,0.8825,1051.0,1016.0,1455.0,876.0,0.4342,0.8497
526,0,night,thursday,8.2,79.6,0.8672,965.0,1087.0,1383.0,827.0,0.3793,0.7624
527,0,night,thursday,7.6,80.6,0.8437,890.0,1183.0,1338.0,781.0,0.2879,0.7155
528,0,night,thursday,8.3,75.6,0.8302,823.0,1366.0,1263.0,699.0,0.1737,0.6048
529,0,morning,thursday,8.1,72.1,0.7798,869.0,1291.0,1288.0,723.0,0.3108,0.6836
530,0,morning,thursday,8.1,70.4,0.7609,939.0,1169.0,1384.0,797.0,0.2696,0.8029
531,0,morning,thursday,8.1,70.5,0.7627,1274.0,820.0,1723.0,1138.0,1.0329,1.1809
532,1,morning,thursday,9.9,64.3,0.7859,1512.0,596.0,2189.0,1605.0,3.6652,1.578
533,1,morning,thursday,13.0,54.2,0.809,1435.0,676.0,1885.0,1569.0,2.6735,1.3533
534,0,morning,thursday,16.5,42.6,0.7912,1207.0,813.0,1620.0,1319.0,1.4807,1.1084
535,0,morning,thursday,19.3,34.2,0.7566,1223.0,818.0,1678.0,1198.0,1.4076,1.1446
536,0,morning,thursday,21.5,27.4,0.6941,1121.0,865.0,1541.0,958.0,1.0877,1.0925
537,0,afternoon,thursday,20.4,26.7,0.6323,1176.0,816.0,1609.0,1068.0,1.3756,1.1958
538,0,afternoon,thursday,20.6,22.6,0.5432,1144.0,845.0,1551.0,1010.0,1.3436,1.1862
539,0,afternoon,thursday,20.6,24.8,0.5931,1136.0,856.0,1552.0,928.0,1.6133,1.1596
540,0,afternoon,thursday,21.0,25.4,0.6264,1085.0,888.0,1454.0,816.0,0.9552,1.069
541,1,afternoon,thursday,21.5,24.5,0.6203,1297.0,723.0,1798.0,1216.0,2.4587,1.3704
542,1,evening,thursday,19.3,28.6,0.6357,1408.0,646.0,1972.0,1463.0,3.6927,1.495
543,1,evening,thursday,18.0,32.9,0.6737,1618.0,579.0,2167.0,1791.0,4.4513,1.6291
544,1,evening,thursday,15.8,39.8,0.7096,1319.0,746.0,1699.0,1425.0,2.4862,1.2479
545,0,evening,thursday,15.3,41.5,0.7194,1045.0,968.0,1410.0,922.0,0.6307,0.9125
546,0,night,thursday,14.1,46.0,0.7363,1058.0,993.0,1411.0,971.0,0.4205,0.8774
547,0,night,friday,12.0,67.9,0.9523,1176.0,866.0,1560.0,1151.0,0.7724,0.9764
548,0,night,saturday,12.0,66.9,0.9336,1047.0,1014.0,1449.0,975.0,0.3519,0.8337
549,0,night,saturday,11.5,70.1,0.9503,1116.0,929.0,1533.0,1034.0,0.4479,0.9093
550,0,night,saturday,11.4,69.8,0.939,1074.0,951.0,1507.0,980.0,0.4662,0.8859
551,0,night,saturday,11.1,69.3,0.9128,922.0,1142.0,1390.0,825.0,0.2971,0.7315
552,0,night,saturday,10.8,70.3,0.9092,898.0,1163.0,1386.0,807.0,0.3153,0.7123
553,0,morning,saturday,10.2,73.4,0.9129,970.0,1121.0,1435.0,842.0,0.4067,0.7539
554,0,morning,saturday,10.8,70.5,0.9142,1073.0,988.0,1500.0,950.0,0.6124,0.8646
555,0,morning,saturday,11.0,71.0,0.9279,1081.0,895.0,1591.0,1024.0,0.7175,0.9647
556,0,morning,saturday,12.4,64.0,0.9206,1159.0,837.0,1663.0,1098.0,0.7632,1.0392
557,0,morning,saturday,15.0,53.1,0.8993,1112.0,869.0,1588.0,1011.0,0.7175,0.9913
558,0,morning,saturday,16.6,44.4,0.8313,1112.0,897.0,1542.0,931.0,0.7861,0.9764
559,0,morning,saturday,18.0,38.4,0.7862,1063.0,971.0,1481.0,811.0,0.521,0.9338
560,0,morning,saturday,20.6,30.0,0.7213,1032.0,973.0,1457.0,756.0,0.7586,0.9498
561,0,afternoon,saturday,19.9,26.7,0.6137,936.0,1054.0,1336.0,607.0,0.4296,0.8827
562,0,afternoon,saturday,19.8,23.1,0.5283,883.0,1152.0,1238.0,498.0,0.4936,0.8156
563,0,afternoon,saturday,21.4,22.7,0.5722,942.0,1055.0,1318.0,540.0,0.4479,0.9072
564,0,afternoon,saturday,22.1,21.3,0.5605,943.0,1084.0,1296.0,544.0,0.6033,0.9051
565,0,afternoon,saturday,21.1,24.5,0.604,1007.0,1027.0,1357.0,620.0,0.6581,0.9317
566,0,evening,saturday,18.3,31.6,0.6562,1037.0,949.0,1426.0,740.0,0.7541,0.9871
567,0,evening,saturday,16.1,35.0,0.6372,1127.0,871.0,1534.0,921.0,0.9597,1.0882
568,0,evening,saturday,14.8,41.5,0.6929,1123.0,861.0,1551.0,1033.0,1.2659,1.0605
569,0,evening,saturday,13.2,50.3,0.7577,1110.0,916.0,1487.0,984.0,0.7678,0.9679
570,0,night,saturday,12.3,55.5,0.7916,1247.0,812.0,1618.0,1193.0,1.1334,1.1042
571,0,night,saturday,11.8,56.6,0.7833,1220.0,844.0,1545.0,1219.0,1.074,1.0297
572,0,night,sunday,11.2,56.2,0.7469,1028.0,1047.0,1326.0,913.0,0.3839,0.8199
573,0,night,sunday,11.0,56.6,0.7418,978.0,1144.0,1304.0,750.0,0.3428,0.7571
574,0,night,sunday,9.3,64.3,0.7531,949.0,1160.0,1310.0,772.0,0.2833,0.739
575,0,night,sunday,8.8,66.0,0.7501,910.0,1162.0,1329.0,712.0,0.3016,0.7549
576,0,night,sunday,7.8,70.4,0.7463,863.0,1224.0,1286.0,712.0,0.2239,0.6932
577,0,morning,sunday,7.7,70.7,0.7463,836.0,1244.0,1306.0,727.0,0.1737,0.6847
578,0,morning,sunday,7.4,71.0,0.7346,856.0,1259.0,1301.0,746.0,0.2011,0.6857
579,0,morning,sunday,8.2,66.6,0.7283,888.0,1240.0,1298.0,733.0,0.2742,0.6932
580,0,morning,sunday,8.7,64.3,0.7267,912.0,1196.0,1343.0,727.0,0.4022,0.739
581,0,morning,sunday,13.0,47.9,0.7116,938.0,1177.0,1320.0,642.0,0.3199,0.7517
582,0,morning,sunday,17.4,35.4,0.699,1053.0,1040.0,1386.0,810.0,0.4296,0.8763
583,0,morning,sunday,20.2,29.2,0.683,1087.0,1014.0,1412.0,851.0,0.5758,0.9264
584,0,morning,sunday,22.7,22.9,0.6224,1153.0,969.0,1425.0,911.0,0.8272,1.0062
585,0,afternoon,sunday,22.3,22.4,0.5955,894.0,1209.0,1200.0,611.0,0.3016,0.756
586,0,afternoon,sunday,22.2,18.9,0.4993,797.0,1452.0,1076.0,368.0,0.2468,0.6453
587,0,afternoon,sunday,22.0,19.0,0.4969,854.0,1409.0,1108.0,369.0,0.2194,0.7006
588,0,afternoon,sunday,21.0,23.6,0.5788,892.0,1348.0,1150.0,394.0,0.3016,0.7081
589,0,afternoon,sunday,19.6,27.4,0.6162,935.0,1299.0,1183.0,415.0,0.2971,0.7155
590,0,evening,sunday,17.9,30.8,0.6258,989.0,1225.0,1233.0,469.0,0.3108,0.7549
591,0,evening,sunday,16.4,35.3,0.6532,1063.0,1079.0,1285.0,607.0,0.5393,0.8486
592,0,evening,sunday,15.6,37.5,0.6575,922.0,1220.0,1205.0,498.0,0.2971,0.7177
593,0,evening,sunday,15.5,36.7,0.6438,925.0,1223.0,1217.0,481.0,0.2879,0.7241
594,0,night,sunday,14.5,39.0,0.6428,924.0,1272.0,1186.0,465.0,0.2788,0.69
595,0,night,sunday,14.2,38.2,0.6163,914.0,1256.0,1187.0,478.0,0.2879,0.7038
596,0,night,monday,13.7,38.3,0.5957,840.0,1474.0,1094.0,366.0,0.1417,0.592
597,0,night,monday,14.1,34.0,0.5442,799.0,1615.0,1036.0,332.0,0.1325,0.5473
598,0,night,monday,14.6,34.0,0.5605,856.0,1448.0,1111.0,346.0,0.1554,0.6186
599,0,night,monday,14.4,32.8,0.5364,830.0,1452.0,1066.0,350.0,0.1554,0.5963
600,0,night,monday,13.9,30.9,0.4868,753.0,1822.0,955.0,274.0,0.0411,0.4919
601,0,morning,monday,13.5,37.9,0.5852,785.0,1923.0,1003.0,263.0,0.064,0.477
602,0,morning,monday,13.9,43.6,0.6871,835.0,1756.0,1117.0,314.0,0.1051,0.5026
603,0,morning,monday,13.5,50.1,0.7706,865.0,1613.0,1185.0,367.0,0.1645,0.526
604,0,morning,monday,13.3,53.6,0.8169,922.0,1453.0,1246.0,432.0,0.1782,0.5761
605,0,morning,monday,13.4,56.0,0.8576,975.0,1268.0,1293.0,536.0,0.1737,0.6367
606,0,morning,monday,13.0,59.6,0.886,1040.0,1210.0,1325.0,555.0,0.2514,0.6879
607,0,morning,monday,12.7,62.7,0.9173,1115.0,1105.0,1384.0,677.0,0.3428,0.7528
608,0,morning,monday,12.1,60.5,0.8505,1004.0,1201.0,1305.0,557.0,0.2925,0.6825
609,0,afternoon,monday,11.2,64.4,0.8537,895.0,1415.0,1229.0,421.0,0.1782,0.5707
610,0,afternoon,monday,10.7,67.6,0.8703,917.0,1415.0,1257.0,423.0,0.1919,0.5995
611,0,afternoon,monday,11.4,61.2,0.8236,1025.0,1189.0,1325.0,519.0,0.3565,0.7336
612,0,afternoon,monday,9.9,70.5,0.8581,1035.0,1222.0,1301.0,533.0,0.3153,0.7028
613,0,afternoon,monday,10.3,65.2,0.8151,1025.0,1197.0,1313.0,537.0,0.3062,0.7262
614,0,evening,monday,11.0,58.9,0.7714,1040.0,1149.0,1324.0,612.0,0.3793,0.7507
615,0,evening,monday,10.6,59.5,0.7595,1070.0,1065.0,1369.0,697.0,0.361,0.8263
616,0,evening,monday,10.6,57.7,0.7362,964.0,1176.0,1292.0,573.0,0.3108,0.7368
617,0,evening,monday,10.6,56.1,0.7149,904.0,1269.0,1233.0,489.0,0.2559,0.6761
618,0,night,monday,10.3,58.0,0.7239,913.0,1271.0,1234.0,474.0,0.2239,0.6666
619,0,night,monday,10.4,58.4,0.7352,914.0,1322.0,1230.0,455.0,0.2559,0.6495
620,0,night,tuesday,10.7,58.2,0.7459,893.0,1368.0,1219.0,433.0,0.2194,0.625
621,0,night,tuesday,10.5,59.9,0.7624,844.0,1499.0,1176.0,376.0,0.1234,0.5665
622,0,night,tuesday,10.5,60.8,0.7704,837.0,1581.0,1182.0,360.0,0.1325,0.5516
623,0,night,tuesday,10.6,63.1,0.8068,868.0,1482.0,1215.0,384.0,0.1462,0.5643
624,0,night,tuesday,11.1,60.1,0.7925,825.0,1565.0,1171.0,363.0,0.2148,0.5207
625,0,morning,tuesday,10.1,68.4,0.8443,956.0,1251.0,1356.0,525.0,0.3016,0.6985
626,0,morning,tuesday,10.0,68.7,0.8456,1124.0,960.0,1531.0,873.0,0.7449,0.9083
627,1,morning,tuesday,11.0,64.2,0.8398,1496.0,667.0,2011.0,1399.0,2.3948,1.3544
628,1,morning,tuesday,12.0,58.1,0.8138,1452.0,620.0,2057.0,1501.0,3.0026,1.4417
629,0,morning,tuesday,12.8,52.0,0.7643,1172.0,797.0,1641.0,1186.0,1.4807,1.1095
630,0,morning,tuesday,12.6,50.8,0.7387,1020.0,956.0,1426.0,911.0,0.6581,0.9274
631,0,morning,tuesday,13.8,47.4,0.7435,1044.0,934.0,1471.0,919.0,0.617,0.9583
632,0,morning,tuesday,15.1,42.7,0.7294,1020.0,972.0,1429.0,791.0,0.6398,0.9221
633,0,afternoon,tuesday,16.3,38.1,0.7006,1009.0,994.0,1439.0,751.0,0.6444,0.9423
634,0,afternoon,tuesday,16.6,36.7,0.6867,1073.0,935.0,1537.0,805.0,0.8272,1.0286
635,0,afternoon,tuesday,15.8,40.5,0.7241,1098.0,877.0,1527.0,966.0,1.0374,1.0339
636,0,afternoon,tuesday,16.3,41.8,0.7712,1061.0,920.0,1462.0,869.0,0.681,0.9445
637,0,afternoon,tuesday,16.1,42.8,0.7783,1289.0,755.0,1791.0,1196.0,1.9423,1.233
638,1,evening,tuesday,15.3,46.8,0.8074,1442.0,630.0,2004.0,1523.0,3.0574,1.4236
639,1,evening,tuesday,14.7,47.0,0.7815,1479.0,631.0,1995.0,1579.0,3.1077,1.43
640,0,evening,tuesday,14.1,49.6,0.7931,1266.0,726.0,1747.0,1370.0,2.0383,1.2117
641,0,evening,tuesday,13.5,54.1,0.8351,1149.0,845.0,1577.0,1204.0,0.9369,1.0137
642,0,night,tuesday,12.3,59.2,0.8461,1168.0,843.0,1586.0,1201.0,0.8866,1.0158
643,0,night,tuesday,11.6,62.2,0.851,1079.0,925.0,1463.0,1122.0,0.5256,0.9019
644,0,night,wednesday,11.5,61.4,0.8303,1047.0,1032.0,1379.0,1003.0,0.3382,0.8092
645,0,night,wednesday,10.9,64.6,0.8395,936.0,1086.0,1364.0,918.0,0.3885,0.7507
646,0,night,wednesday,11.1,63.2,0.8331,900.0,1207.0,1307.0,836.0,0.3016,0.6761
647,0,night,wednesday,10.7,64.4,0.8284,839.0,1325.0,1285.0,759.0,0.2742,0.6133
648,0,night,wednesday,10.7,63.8,0.8174,840.0,1349.0,1275.0,755.0,0.1828,0.5995
649,0,morning,wednesday,10.2,65.8,0.8196,905.0,1191.0,1346.0,820.0,0.2148,0.7134
650,0,morning,wednesday,10.3,65.6,0.8225,1079.0,947.0,1535.0,998.0,0.5301,0.9317
651,0,morning,wednesday,10.8,64.0,0.8307,1417.0,669.0,1921.0,1403.0,2.1845,1.3267
652,1,morning,wednesday,13.3,55.6,0.8453,1529.0,569.0,2278.0,1641.0,3.8206,1.594
653,1,morning,wednesday,15.8,46.8,0.8328,1397.0,659.0,1906.0,1534.0,2.9934,1.3289
654,0,morning,wednesday,19.5,34.4,0.7738,1214.0,780.0,1662.0,1257.0,1.4259,1.1297
655,0,morning,wednesday,21.1,30.2,0.745,1109.0,882.0,1518.0,1026.0,0.8912,0.9956
656,0,morning,wednesday,18.4,34.2,0.7185,1122.0,859.0,1571.0,993.0,1.0877,1.0573
657,1,morning,thursday,13.5,53.4,0.8196,1489.0,633.0,1889.0,1638.0,2.4496,1.3523
658,0,morning,thursday,15.0,49.3,0.8364,1451.0,661.0,1804.0,1633.0,2.1982,1.298
659,0,morning,thursday,17.1,42.1,0.812,1454.0,661.0,1809.0,1654.0,2.1023,1.3044
660,1,morning,thursday,18.4,36.9,0.7758,1392.0,689.0,1792.0,1559.0,2.7284,1.2884
661,0,afternoon,thursday,19.3,35.4,0.7824,1351.0,709.0,1783.0,1374.0,2.1251,1.2884
662,1,afternoon,thursday,19.2,35.7,0.7826,1418.0,681.0,1890.0,1418.0,2.477,1.3651
663,0,afternoon,thursday,21.5,30.4,0.7677,1303.0,748.0,1734.0,1228.0,1.9971,1.2171
664,0,afternoon,thursday,19.6,34.6,0.7807,1292.0,746.0,1676.0,1293.0,1.7504,1.1883
665,1,afternoon,thursday,19.6,35.5,0.8017,1560.0,594.0,2046.0,1642.0,3.5556,1.5045
666,1,evening,thursday,18.3,44.1,0.9183,1765.0,533.0,2271.0,1895.0,4.2319,1.6046
667,1,evening,thursday,17.4,47.8,0.9392,1875.0,482.0,2446.0,2086.0,5.4339,1.7431
668,1,evening,thursday,16.8,49.8,0.9446,1746.0,553.0,2119.0,1898.0,3.7658,1.5003
669,1,evening,thursday,16.2,53.2,0.9723,1607.0,587.0,1960.0,1758.0,3.0163,1.3736
670,0,night,thursday,14.9,59.1,0.9928,1277.0,802.0,1607.0,1284.0,0.9277,1.0137
671,0,night,thursday,13.9,64.0,1.013,1207.0,877.0,1532.0,1075.0,0.6215,0.9242
672,0,night,friday,13.7,66.8,1.041,1209.0,882.0,1547.0,1084.0,0.521,0.9189
673,0,night,friday,13.4,69.6,1.0688,1189.0,887.0,1566.0,1049.0,0.5027,0.8987
674,0,night,friday,12.8,71.9,1.0632,1132.0,899.0,1532.0,1021.0,0.5804,0.8625
675,0,night,friday,12.9,68.5,1.0155,974.0,1159.0,1387.0,778.0,0.3108,0.6761
676,0,night,friday,11.9,74.8,1.038,1033.0,1030.0,1420.0,948.0,0.3199,0.7304
677,0,morning,friday,11.6,76.4,1.0415,1075.0,941.0,1505.0,988.0,0.425,0.8327
678,0,morning,friday,11.7,75.3,1.0325,1242.0,778.0,1686.0,1184.0,0.8181,1.0414
679,0,morning,friday,12.8,71.0,1.0428,1657.0,579.0,2176.0,1600.0,2.3902,1.4737
680,1,morning,friday,13.8,61.1,0.9595,1406.0,636.0,1890.0,1495.0,2.4953,1.3395
681,0,morning,friday,15.3,51.4,0.8886,1150.0,827.0,1590.0,1188.0,1.1471,1.036
682,0,morning,friday,16.6,48.7,0.9146,1184.0,823.0,1604.0,1166.0,1.0146,1.0467
683,0,morning,friday,17.6,46.7,0.9324,1223.0,781.0,1666.0,1219.0,0.9689,1.0797
684,0,morning,friday,19.2,42.7,0.9425,1196.0,802.0,1644.0,1128.0,1.2019,1.0616
685,1,afternoon,friday,15.7,62.5,1.1092,1559.0,653.0,2047.0,1373.0,2.445,1.3491
686,1,afternoon,friday,14.5,75.7,1.2425,1544.0,613.0,2066.0,1415.0,2.7832,1.348
687,0,afternoon,friday,14.4,77.4,1.2654,1485.0,650.0,1980.0,1302.0,2.052,1.3022
688,1,afternoon,friday,14.6,74.9,1.2391,1498.0,649.0,1963.0,1308.0,2.4496,1.3097
689,1,afternoon,friday,14.6,76.0,1.2573,1593.0,582.0,2159.0,1449.0,3.3956,1.4673
690,1,evening,friday,14.0,76.3,1.2166,1529.0,627.0,2083.0,1385.0,2.6278,1.3938
691,1,evening,friday,13.9,78.0,1.2303,1689.0,560.0,2298.0,1492.0,3.5784,1.5695
692,1,evening,friday,13.8,78.0,1.2229,1535.0,627.0,2039.0,1380.0,3.2265,1.3789
693,0,evening,friday,13.5,79.4,1.2224,1304.0,737.0,1811.0,1167.0,1.3665,1.1361
694,0,night,friday,13.1,80.1,1.2016,1235.0,803.0,1680.0,1095.0,0.7267,1.0254
695,0,night,friday,12.8,81.0,1.1915,1281.0,794.0,1695.0,1105.0,0.7815,1.0403
696,0,night,saturday,12.7,80.6,1.1819,1167.0,846.0,1627.0,1051.0,0.7404,0.9626
697,0,night,saturday,12.5,81.8,1.1838,1134.0,869.0,1599.0,1009.0,0.5073,0.9189
698,0,night,saturday,12.7,81.2,1.1849,1100.0,887.0,1565.0,972.0,0.6124,0.8827
699,0,morning,friday,14.2,52.2,0.8413,852.0,1186.0,1321.0,793.0,0.2102,0.6879
700,0,morning,friday,14.3,55.4,0.9003,923.0,1041.0,1418.0,906.0,0.2559,0.806
701,0,morning,friday,14.0,58.0,0.9202,1490.0,627.0,2119.0,1541.0,2.0657,1.4566
702,1,morning,friday,15.4,53.3,0.9289,1662.0,523.0,2417.0,1861.0,4.0217,1.6781
703,1,morning,friday,19.1,42.1,0.9233,1553.0,621.0,2030.0,1895.0,3.4687,1.4417
704,0,morning,friday,23.7,31.0,0.8968,1423.0,706.0,1887.0,1684.0,1.8006,1.3278
705,1,morning,friday,26.9,25.7,0.8942,1458.0,677.0,1947.0,1731.0,2.9203,1.4375
706,1,morning,friday,29.7,20.6,0.8478,1349.0,728.0,1838.0,1402.0,2.4724,1.3832
707,0,afternoon,friday,29.2,21.5,0.8573,1326.0,757.0,1835.0,1246.0,2.1388,1.347
708,0,afternoon,friday,29.6,20.1,0.8181,1356.0,729.0,1865.0,1342.0,2.2074,1.397
709,1,afternoon,friday,30.0,19.4,0.81,1460.0,680.0,1953.0,1489.0,3.1168,1.5312
710,1,afternoon,friday,29.5,20.1,0.8136,1497.0,679.0,1985.0,1532.0,3.19,1.5429
711,1,afternoon,friday,27.0,26.8,0.9403,1645.0,599.0,2228.0,1909.0,3.8024,1.6675
712,1,evening,friday,24.9,30.8,0.954,1557.0,615.0,2087.0,1757.0,3.9852,1.5791
713,1,evening,friday,23.1,36.7,1.0244,1747.0,557.0,2335.0,1983.0,4.1086,1.7122
714,1,evening,friday,21.5,40.8,1.0333,1482.0,660.0,1975.0,1703.0,3.1625,1.4045
715,0,evening,friday,20.5,41.5,0.9864,1211.0,816.0,1619.0,1246.0,0.6627,1.0754
716,0,night,friday,19.2,44.9,0.9875,1294.0,770.0,1687.0,1321.0,0.9506,1.1532
717,0,night,friday,18.8,47.7,1.0221,1300.0,777.0,1659.0,1375.0,0.9323,1.1106
718,0,night,saturday,18.2,49.7,1.0284,1402.0,736.0,1729.0,1456.0,1.0968,1.1691
719,0,night,saturday,16.1,57.4,1.0451,1349.0,707.0,1763.0,1442.0,1.1471,1.1681
720,0,night,saturday,16.3,55.3,1.0178,1161.0,827.0,1597.0,1243.0,0.7906,0.9988
721,0,night,saturday,15.7,53.6,0.9483,1022.0,916.0,1481.0,1078.0,0.5164,0.854
722,0,night,saturday,16.9,49.8,0.9514,948.0,1045.0,1430.0,939.0,0.2514,0.7454
723,0,morning,saturday,14.8,57.7,0.9644,933.0,1045.0,1403.0,937.0,0.2971,0.7422
724,0,morning,saturday,14.0,59.7,0.9499,1021.0,931.0,1483.0,1019.0,0.5438,0.8518
725,0,morning,saturday,14.6,56.8,0.9385,1134.0,794.0,1639.0,1140.0,0.6901,1.0424
726,0,morning,saturday,16.7,51.9,0.9788,1311.0,681.0,1838.0,1351.0,1.3939,1.2213
727,0,morning,saturday,20.0,45.0,1.039,1409.0,685.0,1874.0,1459.0,1.8966,1.2447
728,0,morning,saturday,23.9,33.7,0.9837,1301.0,787.0,1727.0,1297.0,1.467,1.1276
729,0,morning,saturday,26.8,29.5,1.0209,1354.0,765.0,1808.0,1291.0,1.6361,1.2032
730,0,morning,saturday,27.2,32.4,1.1493,1391.0,738.0,1840.0,1296.0,1.5995,1.2096
731,0,afternoon,saturday,26.9,32.1,1.1217,1200.0,879.0,1623.0,972.0,1.0877,0.9892
732,0,afternoon,saturday,24.3,41.8,1.2561,1338.0,798.0,1766.0,1194.0,0.9826,1.0818
733,0,afternoon,saturday,25.6,36.0,1.1629,1223.0,884.0,1610.0,880.0,0.8775,0.9988
734,0,afternoon,saturday,27.0,31.8,1.1176,1278.0,845.0,1691.0,909.0,0.9369,1.068
735,0,afternoon,saturday,27.5,31.6,1.1417,1257.0,860.0,1634.0,839.0,0.7541,1.036
736,0,evening,saturday,24.9,38.1,1.1838,1497.0,725.0,1899.0,1248.0,1.2933,1.2469
737,0,evening,saturday,23.4,39.7,1.1276,1567.0,661.0,1970.0,1476.0,2.1343,1.3629
738,0,evening,saturday,21.2,50.8,1.2631,1503.0,651.0,1863.0,1502.0,2.2165,1.2809
739,0,evening,saturday,15.6,73.5,1.2953,1169.0,906.0,1584.0,873.0,0.9232,0.9051
740,0,night,saturday,12.9,79.7,1.1774,1007.0,1157.0,1404.0,528.0,0.2925,0.6921
741,0,night,saturday,11.5,76.9,1.0436,1004.0,1157.0,1365.0,492.0,0.3245,0.7102
742,0,night,sunday,12.2,66.8,0.9455,967.0,1181.0,1321.0,463.0,0.3839,0.7038
743,0,night,sunday,12.4,64.1,0.9209,984.0,1131.0,1359.0,494.0,0.3199,0.7528
744,0,night,sunday,12.7,58.7,0.8605,931.0,1161.0,1317.0,503.0,0.2788,0.7336
745,0,night,sunday,12.6,58.6,0.8529,966.0,1083.0,1363.0,581.0,0.4205,0.7847
746,0,night,sunday,12.5,51.2,0.7374,777.0,1535.0,1121.0,350.0,0.1828,0.5548
747,0,morning,sunday,12.5,50.9,0.7346,763.0,1783.0,1098.0,305.0,0.0914,0.5015
748,0,morning,sunday,12.8,49.3,0.7285,804.0,1718.0,1148.0,329.0,0.1417,0.5377
749,0,morning,sunday,13.5,48.6,0.7487,830.0,1496.0,1184.0,375.0,0.1874,0.5697
750,0,morning,sunday,14.4,45.9,0.7476,833.0,1476.0,1180.0,373.0,0.1828,0.5888
751,0,morning,sunday,15.1,43.9,0.7487,875.0,1370.0,1206.0,385.0,0.16,0.6421
752,0,morning,sunday,16.6,38.6,0.7236,882.0,1346.0,1216.0,403.0,0.2011,0.6612
753,0,morning,sunday,17.2,35.0,0.6789,862.0,1320.0,1193.0,393.0,0.3245,0.6761
754,0,morning,sunday,17.4,33.9,0.6683,863.0,1290.0,1185.0,388.0,0.3016,0.6772
755,0,afternoon,sunday,17.9,30.7,0.6234,830.0,1389.0,1145.0,371.0,0.2102,0.6346
756,0,afternoon,sunday,18.3,27.2,0.5675,807.0,1488.0,1104.0,347.0,0.2285,0.6218
757,0,afternoon,sunday,19.4,25.7,0.5738,873.0,1343.0,1181.0,396.0,0.2331,0.7187
758,0,afternoon,sunday,20.2,24.1,0.563,931.0,1274.0,1219.0,474.0,0.2925,0.7869
759,0,afternoon,sunday,19.6,24.9,0.5625,918.0,1228.0,1219.0,505.0,0.6307,0.7965
760,0,evening,sunday,18.5,27.8,0.5843,1001.0,1122.0,1344.0,625.0,0.6261,0.8635
761,0,evening,sunday,17.8,30.3,0.6129,1169.0,883.0,1550.0,941.0,1.3848,1.1063
762,0,evening,sunday,16.6,34.0,0.6353,1085.0,976.0,1419.0,893.0,0.9323,0.9658
763,0,evening,sunday,15.5,37.0,0.6447,940.0,1103.0,1310.0,731.0,0.4342,0.8188
764,0,night,sunday,14.8,39.5,0.6595,1126.0,875.0,1654.0,955.0,1.5858,1.1532
765,0,night,sunday,14.5,42.0,0.6896,978.0,1013.0,1379.0,761.0,1.1517,0.9136
766,0,night,monday,14.1,44.9,0.7206,893.0,1192.0,1283.0,515.0,0.3016,0.7485
767,0,night,monday,14.2,45.5,0.7333,838.0,1361.0,1220.0,434.0,0.2057,0.6399
768,0,night,monday,14.1,45.3,0.7247,803.0,1513.0,1152.0,369.0,0.1645,0.5611
769,0,night,monday,14.0,44.3,0.7038,775.0,1722.0,1115.0,335.0,0.1188,0.5079
770,0,night,monday,14.1,43.0,0.689,767.0,1826.0,1091.0,319.0,0.0777,0.4834
771,0,morning,monday,13.9,43.9,0.6923,809.0,1575.0,1158.0,378.0,0.096,0.5548
772,0,morning,monday,14.0,43.8,0.6959,898.0,1271.0,1307.0,517.0,0.2742,0.7198
773,0,morning,monday,14.4,43.6,0.7113,1053.0,982.0,1464.0,786.0,0.7084,0.937
774,0,morning,monday,15.0,41.7,0.7093,1033.0,917.0,1490.0,844.0,1.074,0.9945
775,0,morning,monday,16.3,38.4,0.7052,941.0,1080.0,1343.0,720.0,0.4067,0.8305
776,0,morning,monday,18.3,32.3,0.676,941.0,1102.0,1328.0,668.0,0.3473,0.8327
777,0,morning,monday,18.8,31.7,0.6821,917.0,1098.0,1311.0,605.0,0.4616,0.822
778,0,morning,monday,19.6,30.9,0.6968,977.0,1038.0,1413.0,646.0,0.4981,0.8912
779,0,afternoon,monday,20.2,30.7,0.7176,994.0,1018.0,1436.0,640.0,0.6535,0.9061
780,0,afternoon,monday,19.7,32.5,0.7396,942.0,1065.0,1365.0,571.0,0.4753,0.8359
781,0,afternoon,monday,20.7,31.6,0.7602,981.0,1060.0,1395.0,605.0,0.489,0.8625
782,0,afternoon,monday,20.0,32.7,0.7545,984.0,1034.0,1410.0,636.0,0.6078,0.8859
783,0,afternoon,monday,18.6,35.4,0.7535,1116.0,864.0,1625.0,886.0,0.7815,1.068
784,0,evening,monday,18.3,35.9,0.7501,1181.0,787.0,1685.0,1032.0,1.8509,1.1862
785,0,evening,monday,17.8,37.5,0.7568,1163.0,811.0,1616.0,977.0,1.5264,1.1372
786,0,evening,monday,17.3,38.8,0.7584,1081.0,907.0,1496.0,924.0,1.0786,1.0115
787,0,evening,monday,17.3,38.8,0.7596,1017.0,1000.0,1441.0,846.0,0.4524,0.8966
788,0,night,monday,16.4,40.8,0.7542,966.0,1057.0,1359.0,755.0,0.425,0.8284
789,0,night,monday,16.0,41.4,0.7487,924.0,1158.0,1318.0,610.0,0.3748,0.7549
790,0,night,tuesday,15.4,43.0,0.7482,861.0,1351.0,1225.0,439.0,0.2331,0.6399
791,0,night,tuesday,15.7,42.5,0.7539,826.0,1424.0,1197.0,402.0,0.1874,0.5963
792,0,night,tuesday,15.6,43.4,0.7651,846.0,1385.0,1212.0,406.0,0.1417,0.5931
793,0,night,tuesday,15.2,45.8,0.7864,842.0,1423.0,1224.0,424.0,0.1874,0.5803
794,0,night,tuesday,14.7,49.9,0.828,909.0,1236.0,1302.0,558.0,0.1874,0.657
795,0,morning,tuesday,15.5,47.3,0.8282,930.0,1143.0,1339.0,746.0,0.1737,0.7134
796,0,morning,tuesday,14.4,53.1,0.8677,1120.0,843.0,1593.0,1126.0,0.5073,0.9956
797,1,morning,tuesday,15.9,48.5,0.8704,1518.0,589.0,2101.0,1703.0,2.669,1.479
798,1,morning,tuesday,18.1,40.3,0.8294,1461.0,630.0,2050.0,1628.0,2.8929,1.4886
799,0,morning,tuesday,19.6,35.9,0.81,1075.0,938.0,1487.0,936.0,0.6627,0.9541
800,0,morning,tuesday,22.8,29.1,0.796,1061.0,968.0,1455.0,890.0,0.7084,0.9668
801,0,morning,tuesday,24.8,25.3,0.7793,1066.0,979.0,1474.0,757.0,0.585,0.9913
802,0,morning,tuesday,27.2,22.0,0.7785,1179.0,829.0,1651.0,949.0,1.1654,1.2107
803,0,afternoon,tuesday,28.2,20.4,0.7677,1251.0,773.0,1779.0,1109.0,1.8783,1.3182
804,0,afternoon,tuesday,25.4,24.2,0.7733,1120.0,898.0,1560.0,870.0,0.7906,1.1159
805,0,afternoon,tuesday,25.7,23.8,0.7737,1187.0,840.0,1651.0,1011.0,1.2659,1.216
806,0,afternoon,tuesday,27.2,22.1,0.7811,1145.0,903.0,1592.0,885.0,1.1837,1.1351
807,0,afternoon,tuesday,27.0,22.3,0.786,1215.0,817.0,1689.0,1015.0,1.2522,1.2394
808,0,evening,tuesday,24.5,27.8,0.8433,1317.0,766.0,1798.0,1155.0,1.7229,1.3108
809,0,evening,tuesday,23.7,30.2,0.8718,1388.0,702.0,1955.0,1315.0,2.0886,1.4279
810,1,evening,tuesday,21.5,34.5,0.8746,1295.0,716.0,1849.0,1359.0,2.5364,1.348
811,0,evening,tuesday,19.9,37.8,0.8675,1153.0,811.0,1651.0,1194.0,1.2751,1.1351
812,0,night,tuesday,18.9,40.6,0.8771,1078.0,905.0,1511.0,951.0,0.6261,0.9924
813,0,night,tuesday,17.9,43.5,0.884,1133.0,806.0,1608.0,1054.0,0.9277,1.0776
814,0,night,wednesday,17.4,46.3,0.9112,1055.0,880.0,1504.0,980.0,0.4616,0.9572
815,0,night,wednesday,18.1,44.7,0.9186,953.0,999.0,1396.0,898.0,0.393,0.7826
816,0,night,wednesday,16.5,50.1,0.9331,892.0,1139.0,1359.0,803.0,0.2331,0.6804
817,0,night,wednesday,14.2,56.9,0.9141,895.0,1167.0,1347.0,684.0,0.2148,0.6729
818,0,night,wednesday,14.7,56.2,0.9341,859.0,1209.0,1321.0,644.0,0.16,0.641
819,0,morning,wednesday,16.3,52.8,0.9722,856.0,1191.0,1345.0,677.0,0.1508,0.6591
820,0,morning,wednesday,13.9,60.7,0.9597,1030.0,892.0,1539.0,996.0,0.4342,0.937
821,1,morning,wednesday,15.0,58.3,0.9876,1689.0,529.0,2396.0,1736.0,3.4459,1.6611
822,1,morning,wednesday,16.1,54.8,0.996,1486.0,571.0,2112.0,1692.0,2.6872,1.4385
823,1,morning,wednesday,19.3,46.4,1.0248,1592.0,577.0,2155.0,2108.0,3.0072,1.5152
824,0,morning,wednesday,24.2,33.8,1.0097,1469.0,692.0,1903.0,1807.0,1.7001,1.3331
825,0,morning,wednesday,26.7,28.7,0.9895,1364.0,723.0,1850.0,1566.0,1.7641,1.2831
826,0,morning,wednesday,27.4,28.2,1.0098,1285.0,755.0,1741.0,1293.0,1.5219,1.1958
827,0,afternoon,wednesday,28.1,26.9,1.0094,1311.0,748.0,1787.0,1219.0,1.3391,1.2458
828,0,afternoon,wednesday,27.7,26.5,0.9693,1416.0,684.0,1969.0,1330.0,2.3353,1.4353
829,1,afternoon,wednesday,28.4,23.4,0.8935,1387.0,701.0,1890.0,1299.0,2.5547,1.4034
830,0,afternoon,wednesday,28.4,26.0,0.9922,1329.0,768.0,1750.0,1111.0,1.7138,1.2618
831,0,afternoon,wednesday,27.3,30.0,1.0752,1496.0,680.0,1878.0,1300.0,2.3262,1.3757
832,1,evening,wednesday,24.3,37.3,1.1199,1676.0,567.0,2226.0,1653.0,3.6104,1.6238
833,1,evening,wednesday,23.1,42.2,1.1746,1724.0,562.0,2252.0,1716.0,3.7292,1.6078
834,1,evening,wednesday,21.8,43.6,1.1226,1642.0,597.0,2117.0,1720.0,3.6744,1.5184
835,0,evening,wednesday,19.8,46.8,1.0702,1267.0,764.0,1740.0,1339.0,1.5173,1.1585
836,0,night,wednesday,19.6,49.8,1.1221,1146.0,845.0,1575.0,1166.0,0.7129,0.9828
837,0,night,wednesday,17.9,56.2,1.142,1216.0,788.0,1662.0,1256.0,0.6535,1.0222
838,0,night,thursday,17.4,55.6,1.0963,1128.0,838.0,1574.0,1125.0,0.5347,0.9487
839,0,night,thursday,16.8,59.5,1.1269,1042.0,923.0,1495.0,968.0,0.3839,0.822
840,0,night,thursday,15.9,60.1,1.0806,926.0,1115.0,1409.0,814.0,0.2742,0.6804
841,0,night,thursday,15.6,61.2,1.0784,898.0,1154.0,1386.0,743.0,0.3473,0.6474
842,0,night,thursday,14.6,63.4,1.0446,889.0,1168.0,1382.0,758.0,0.1828,0.657
843,0,morning,thursday,13.3,67.0,1.0203,959.0,1038.0,1470.0,861.0,0.2925,0.7816
844,0,morning,thursday,12.9,66.5,0.9846,1097.0,827.0,1620.0,1047.0,0.6764,1.0179
845,1,morning,thursday,14.8,61.3,1.0237,1674.0,539.0,2405.0,1665.0,2.902,1.6472
846,1,morning,thursday,16.1,56.5,1.0274,1771.0,461.0,2572.0,1982.0,5.1597,1.7995
847,0,morning,thursday,18.6,47.8,1.0143,1408.0,648.0,1886.0,1711.0,2.1708,1.3214
848,0,morning,thursday,23.8,30.2,0.8771,1156.0,875.0,1583.0,1204.0,1.0054,1.0744
849,0,morning,thursday,25.4,25.0,0.7966,1042.0,971.0,1491.0,871.0,0.4799,1.002
850,0,morning,thursday,25.6,25.5,0.8234,1167.0,829.0,1716.0,1040.0,0.8683,1.2011
851,0,afternoon,thursday,24.9,29.9,0.9325,1398.0,656.0,2037.0,1439.0,2.3582,1.4481
852,0,afternoon,thursday,22.4,37.9,1.016,1458.0,654.0,2023.0,1516.0,1.5813,1.4066
853,1,afternoon,thursday,21.7,44.0,1.1242,1554.0,614.0,2151.0,1693.0,2.5821,1.4683
854,0,afternoon,thursday,21.4,44.4,1.1176,1495.0,615.0,2069.0,1635.0,2.2074,1.4172
855,1,afternoon,thursday,20.8,45.3,1.1016,1560.0,579.0,2176.0,1688.0,2.9752,1.5163
856,1,evening,thursday,20.2,48.6,1.1354,1664.0,553.0,2312.0,1820.0,3.0026,1.6174
857,1,evening,thursday,20.2,50.8,1.1924,1761.0,502.0,2488.0,2006.0,3.7932,1.7143
858,0,evening,thursday,18.6,57.6,1.2233,1524.0,608.0,2046.0,1740.0,1.988,1.3576
859,0,evening,thursday,18.2,58.8,1.2173,1398.0,646.0,1931.0,1577.0,0.9552,1.266
860,0,night,thursday,17.8,61.0,1.2352,1342.0,694.0,1856.0,1443.0,0.9232,1.1777
861,0,night,thursday,17.0,70.7,1.3554,1433.0,681.0,1876.0,1411.0,0.7952,1.1755
862,0,night,friday,16.2,76.9,1.4051,1297.0,733.0,1823.0,1217.0,0.7769,1.085
863,0,night,friday,15.7,78.6,1.3943,1179.0,830.0,1696.0,1086.0,0.5301,0.9413
864,0,night,friday,15.7,78.4,1.3917,1097.0,897.0,1628.0,1050.0,0.4159,0.8614
865,0,night,friday,15.7,77.4,1.3683,1054.0,963.0,1598.0,965.0,0.3245,0.8103
866,0,night,friday,15.4,78.5,1.3635,1017.0,1009.0,1554.0,906.0,0.2696,0.7571
867,0,morning,friday,15.7,74.7,1.3194,1005.0,1005.0,1563.0,917.0,0.2194,0.7858
868,0,morning,friday,15.9,73.1,1.3136,1206.0,818.0,1771.0,1116.0,0.5073,1.0105
869,0,morning,friday,16.6,68.2,1.2737,1458.0,662.0,2033.0,1380.0,1.5767,1.3299
870,0,morning,friday,18.7,57.6,1.2323,1405.0,638.0,2065.0,1378.0,1.5173,1.3789
871,0,morning,friday,17.6,65.0,1.2945,1381.0,685.0,1970.0,1365.0,1.5721,1.2767
872,0,morning,friday,16.3,73.2,1.3458,1315.0,736.0,1833.0,1273.0,0.9689,1.1415
873,0,morning,friday,16.0,78.5,1.4209,1332.0,707.0,1889.0,1242.0,0.7586,1.1521
874,0,morning,friday,17.3,72.4,1.4125,1362.0,673.0,1973.0,1294.0,0.978,1.2192
875,0,afternoon,friday,19.4,60.9,1.3545,1399.0,643.0,2061.0,1413.0,1.7229,1.3012
876,0,afternoon,friday,21.4,50.9,1.2823,1310.0,695.0,1939.0,1224.0,0.9597,1.2352
877,0,afternoon,friday,22.7,45.8,1.2465,1399.0,699.0,1971.0,1318.0,1.2111,1.2788
878,0,afternoon,friday,20.9,60.8,1.4852,1524.0,644.0,2139.0,1404.0,1.6681,1.3193
879,0,afternoon,friday,21.0,54.3,1.3353,1487.0,641.0,2133.0,1471.0,2.0748,1.3565
880,0,evening,friday,20.8,54.4,1.3194,1480.0,622.0,2162.0,1623.0,2.1023,1.4098
881,1,evening,friday,19.8,58.6,1.3392,1626.0,555.0,2356.0,1786.0,2.934,1.5716
882,0,evening,friday,19.1,61.1,1.3345,1449.0,625.0,2100.0,1569.0,2.2896,1.3651
883,0,evening,friday,18.2,65.4,1.3529,1363.0,684.0,1951.0,1495.0,1.0694,1.2266
884,0,night,friday,18.1,66.1,1.3579,1371.0,689.0,1927.0,1471.0,0.9689,1.2096
885,0,night,friday,17.7,66.9,1.3422,1406.0,718.0,1872.0,1384.0,1.2568,1.1787
886,0,night,saturday,17.8,66.8,1.346,1425.0,709.0,1936.0,1789.0,1.2568,1.2298
